F1,F2,F3,F4,F5,F6,F7,F8,F9,F10,F11,F12,F13,F14,Class
3.88,3.32,2.87,3.48,4.45,0.53,1,0.83,0.04,32,26,4,1.64,2,FALSE
-2.72,0.86,-0.68,-1.88,-2.66,1.52,10,7.45,7.7,5,235,15,12.15,-65,TRUE
3.97,2.1,2.4,3.67,4.81,2.67,1,0.82,0.9,17,72,2,1.36,-12,TRUE
2.92,2.45,4.2,4.27,2.49,0.78,1,0.34,0.61,31,16,4,0.79,1,FALSE
2.44,2.24,3.51,3.02,3.97,1.64,1,0.6,0.67,14,18,0,0.64,-7,TRUE
4.82,2.86,6.99,3.23,3.55,0.44,1,0.12,0.86,22,38,4,2.07,10,FALSE
-0.82,-1.47,-1.98,-1.98,-0.63,-0.88,10,5.35,9.35,90,220,15,14.15,-10,TRUE
-0.44,-0.3,-2.04,-0.11,1.57,1.26,10,5.75,8.35,65,60,5,6.1,-80,FALSE
-0.59,-1.32,-0.37,-1.1,-0.28,-0.85,10,6.4,5.7,155,40,5,12.8,-60,FALSE
0.92,-0.1,-1,-0.27,0.6,1.87,10,5.2,6,65,130,5,5.35,-85,FALSE
2.73,2.77,2.84,3.66,3.32,1.19,1,0.96,0.48,8,7,4,0.43,7,TRUE
3.04,3.1,3.8,3,2.89,1.13,1,0.29,0.46,42,4,2,1.79,7,FALSE
7.57,2.28,2.85,2.52,3.12,1.19,1,1.01,0.97,41,66,2,1.71,5,TRUE
1.05,-0.59,-0.54,0.36,-0.4,-0.99,10,5.5,6.65,225,185,25,11.05,55,FALSE
0.28,-1.18,-1.15,0.63,0.02,1.35,10,5.55,5.85,90,210,15,7.9,-95,FALSE
2.52,2.71,4.14,5.81,2.31,4.13,1,0.7,0.87,18,26,0,0.15,-1,TRUE
-2.31,-0.82,-2.61,-2.37,-1.33,1.24,10,8.95,6.7,20,280,15,6.45,-50,TRUE
0.96,0.69,-0.81,1.02,0.58,2.46,10,5.05,5.55,70,355,5,11.55,-55,FALSE
2.88,4.22,4.84,4.82,3.93,1.27,1,0.78,0.27,13,70,2,1.66,13,FALSE
0.78,-1.51,-1.83,-1.06,-1.78,0.81,10,6.05,7,90,120,5,7.95,-80,FALSE
2.58,4.63,2.77,3.79,6.45,1.37,1,0.77,0.56,15,7,0,1.04,-3,TRUE
2.99,2.96,2.34,3.09,2.18,0.63,1,0.97,0.82,45,4,4,0.99,11,TRUE
3.05,2.45,2.3,2.43,2.27,1.48,0,1,0.29,27,39,2,0.69,-3,TRUE
-1.18,-1.87,-1.99,-1.88,-1.61,1.81,10,5.65,7,40,120,5,5.2,-90,FALSE
2.39,4.3,4.67,2.29,5.64,1.21,1,0.82,0.66,1,6,2,0.89,-13,TRUE
-0.31,-0.59,1.87,1.2,-1.06,0.42,10,6.2,6.75,210,380,5,14.25,-5,FALSE
3.76,2.36,2.87,3.43,2.41,1.73,1,0.4,1.06,38,25,2,1.7,-4,FALSE
-0.37,-1.46,-0.5,0.48,1.01,-0.07,10,6,7.15,135,170,5,12.8,-55,FALSE
-2.2,-1.98,-2.28,-2.49,-0.28,-0.62,10,7.7,7.4,165,265,25,9.5,15,TRUE
-0.31,-0.8,-1.07,-1.32,-0.21,1.21,10,6.15,6.5,165,100,15,8.95,-60,FALSE
-0.94,-0.48,-1.41,-1.25,0.54,-1.04,10,6.15,8.6,185,50,15,9.85,-35,TRUE
2.74,2.19,2.82,2.92,6.29,0.27,1,0.92,0.2,3,7,4,1.48,8,TRUE
2.98,3.08,2.37,8.29,2.41,0.07,1,0.45,0.64,19,10,4,1.64,9,TRUE
-3.17,4.63,-1.53,-0.93,-1.21,1.53,10,7.85,8.25,-5,370,15,11.15,-90,TRUE
4.61,2.37,4.97,2.98,3.09,-0.03,1,0.41,0.89,14,7,4,1.59,15,TRUE
-2.97,-0.19,-1.72,-0.49,-2.96,-0.22,10,7.1,10.35,125,350,25,6.25,60,TRUE
1.51,2.78,1.15,0.37,0.94,3.24,10,4.9,5.3,100,375,15,9.6,-20,FALSE
-0.14,-0.57,2.01,-1.18,-0.85,0.1,10,6.55,6.75,225,100,15,10.95,-15,FALSE
2.53,2.31,3.33,2.54,3.22,1.71,1,0.9,0.54,43,17,2,0.1,12,FALSE
-1.5,-0.86,0.17,-2.28,-2.14,-0.37,10,9,5.15,215,140,15,8,-15,TRUE
-2.06,-1.51,-2.43,-1.09,2.77,0.31,10,6,8.35,60,320,15,9.3,15,FALSE
2.79,5.61,3.73,2.77,5.83,0.73,1,0.68,0.18,42,2,2,0.21,9,FALSE
-2.43,-2.01,-2.25,-2.53,-2.69,1.54,10,8.8,5.5,90,390,5,11.45,-5,FALSE
-0.73,1.76,-0.65,-0.23,-0.67,-0.12,10,5.75,5.35,155,365,25,15.35,85,FALSE
-3.06,-2.62,-2.13,-1.48,-0.16,3.52,10,7.95,8.05,35,235,15,6.8,-100,TRUE
2.7,2.31,7.48,7.15,5.17,0.81,1,0.89,0.92,34,3,2,1.07,-15,TRUE
3.57,2.67,5.43,4.75,2.61,1,1,0.78,0.02,11,36,2,1.87,18,TRUE
-2.01,-1.58,-1.96,-2.13,-1.72,1.82,10,8.2,5.35,180,325,15,7.05,20,FALSE
2.81,3.35,2.33,2.23,2.42,2.67,1,0.63,0.99,32,1,0,1.55,-20,TRUE
-2.38,-1.97,-2.09,-0.27,-1.72,-1.01,10,6.35,8,25,150,15,10.75,10,TRUE
2.35,3.91,3.27,2.84,2.36,2.29,1,0.87,0.43,39,13,2,0.18,-5,FALSE
2.34,3.43,2.49,4.86,3.03,1.13,1,0.6,0.93,42,13,4,1.15,11,TRUE
-1.98,-0.81,-1.6,-1.68,-1.17,0.99,10,5.95,9.85,155,370,15,7.05,15,FALSE
2.4,4.01,4.09,3.42,2.35,2.42,1,0.63,0.94,36,16,4,0.76,13,TRUE
2.8,5.54,2.5,3.24,5.53,1.93,1,0.68,0.58,3,19,2,1.34,-1,TRUE
0.01,-1.25,-1.16,3.02,-1.2,-0.02,10,6.25,6.65,150,250,15,8.05,65,FALSE
2.39,4.01,2.83,2.77,2.41,0.39,1,0.45,0.58,18,18,2,1.97,-6,FALSE
2.66,2.69,3,3.06,2.79,0.92,1,0.51,0.64,23,42,2,1.5,-21,TRUE
3.48,3.37,3.38,3.38,2.7,1.11,1,0.16,0.45,35,13,2,1.49,16,FALSE
-1.95,-1.03,-0.9,-1.77,-2.07,0.66,10,6.3,9.7,145,270,15,7.6,-35,FALSE
2.52,4.96,2.41,4.36,4.63,1.78,1,0.71,0.18,1,9,2,1,3,FALSE
-2.31,-1.13,-0.9,-1.65,-1.32,0.58,10,7.25,7.55,100,215,5,9.85,-25,TRUE
3.54,3.99,3.85,2.55,2.42,2.43,1,0.8,0.5,24,56,2,0.9,11,TRUE
3.25,2.77,2.45,2.7,2.92,5.09,1,0.5,0.95,44,30,3,1.91,0,FALSE
0.86,-0.85,-0.83,-0.84,-1.52,0.48,10,5.85,5.6,55,145,15,5.65,-45,FALSE
5.52,3.07,3.38,3.14,2.63,1.54,1,0.22,0.49,33,2,2,1.15,16,FALSE
2.16,2.18,3.24,2.94,2.36,1.43,1,0.96,0.51,6,55,2,0.55,3,TRUE
-1.03,-0.17,-1.04,2.07,0.57,-1.06,10,6.15,5.75,125,100,25,10.35,40,FALSE
-1.91,-1.28,-2.33,-2.02,-1.68,-0.64,10,8.8,5.95,210,15,15,5.5,-35,TRUE
3.01,2.32,2.43,2.42,2.13,0.57,1,0.94,0.44,12,8,0,1.39,-1,TRUE
2.59,2.14,2.33,2.72,2.71,4.73,1,0.91,0.76,24,42,4,0.29,15,TRUE
-0.92,2.82,-1.66,0.58,-1.14,-0.5,10,5.4,8.75,100,185,15,10.6,75,FALSE
3.51,5.17,4.19,3.11,7.28,0.98,1,0.06,0.46,4,33,4,1.3,10,FALSE
2.04,2.78,2.6,3.8,4.26,1.39,1,0.81,0.92,2,25,2,0.22,2,TRUE
-1.28,-1.84,-1.87,-1.25,-2.13,-0.32,10,4.65,9.15,5,260,15,7.75,45,TRUE
6.17,4.32,2.79,2.62,2.91,0.76,1,0.55,0.9,37,18,2,0.62,-10,FALSE
2.96,2.92,7.58,3.05,2.49,2.14,1,0.74,0.07,10,7,2,0.01,13,FALSE
3.71,5.33,3.72,3.74,3.26,1.77,1,0.65,0.04,20,27,4,0.45,14,FALSE
3.62,3.76,4.13,6.38,2.14,0.66,1,0.76,0.91,22,7,0,1.18,-21,TRUE
0.43,-0.47,-0.65,-1.01,3.74,1.15,10,5.75,6.6,165,300,15,5.75,-70,FALSE
-1.05,-1.12,-1.6,0.55,-1.03,0.22,10,6.8,5.3,135,275,15,6.5,25,FALSE
3.71,2.96,3.5,2.43,4.64,1.31,1,0.74,0.48,7,15,2,0.6,18,TRUE
-0.72,-0.68,-0.91,-1.41,-0.95,-0.64,10,6.2,7.15,205,315,20,14.75,5,FALSE
-0.43,-1.67,-1.23,-0.5,-1.77,-1.06,10,6.7,6.3,155,20,15,5.75,60,FALSE
-1.33,-0.64,-1.52,-1.06,-1.56,-0.33,10,7.25,5.05,145,20,15,9.4,-50,FALSE
0.33,0.34,-1.05,-0.53,-1.08,-0.06,10,5.55,6.9,175,295,15,11.2,40,FALSE
3.2,3.37,4.73,2.79,3.17,1.47,1,0.46,0.64,37,6,4,1.89,18,TRUE
-0.64,-0.93,0.12,-0.97,-0.3,0.12,10,5.45,7.3,195,100,15,6.8,-25,FALSE
4.16,5.24,2.94,5.99,3.04,2.52,1,0.94,0.48,16,9,1,0.12,0,TRUE
3.47,2.63,5.21,2.59,5.3,0.53,1,0.56,0.83,3,7,2,0.33,18,TRUE
3.07,4.14,6.57,3.23,4.17,1.84,1,0.98,0.32,30,15,2,1.6,6,TRUE
-2.1,-1.68,-0.78,0.01,-0.41,-0.09,10,8.35,5.9,145,275,25,8.65,20,TRUE
-2.16,0.69,-0.08,-2.96,-2.09,0.5,10,7.7,7.45,15,225,15,6.4,-5,TRUE
3.38,3.2,5.53,4.06,5.21,1.65,1,0.67,0.51,33,27,2,0.73,17,FALSE
-2.19,-1.48,0.85,-1.6,-0.98,-0.16,10,6.25,9.3,155,310,15,11.55,-15,TRUE
-1.19,-1.31,-1.48,0.01,-0.84,0.34,10,6.55,5.75,140,350,15,11.85,-15,FALSE
-1.2,-1.97,-1.32,-1.37,-2.38,2.06,10,6.25,8.7,125,230,5,13.75,-80,FALSE
-0.43,1.03,-0.16,-1.73,0.13,1.1,10,7.15,5.65,85,390,25,6.35,45,FALSE
2.52,2.73,3.99,2.37,2.22,1.02,1,0.79,0.72,32,0,-1,0.83,-15,TRUE
4.23,4.94,2.14,5.11,2.17,2.47,1,0.67,1.03,13,34,0,0.86,-5,TRUE
-1.89,-2.76,-2.09,-2.68,-1.92,0.89,10,8.25,8.95,195,305,5,13.05,-85,TRUE
2.68,3.89,4.49,2.91,3.52,1.02,1,0.99,0.58,21,30,0,1.24,-6,TRUE
-1.68,-1.72,-2.3,-1.72,-1.37,0.87,10,5.15,8.35,5,360,15,13.3,-40,FALSE
-0.95,-0.76,-1.59,-1.98,-0.95,1.74,10,7.4,6.4,175,50,15,6.5,-35,TRUE
-1.36,-0.98,-0.88,-0.13,0.06,-0.76,10,6.25,5.35,100,165,15,14.5,100,FALSE
-2.5,-2.16,-2.09,-1.35,-1.31,0.04,10,8.05,8.45,205,255,15,8.1,35,TRUE
2.25,2.41,4.01,2.98,2.27,1.82,1,0.82,0.45,-3,10,2,0.37,-18,TRUE
2.51,2.72,2.77,3.82,3.75,1,1,0.44,0.93,7,7,0,0.81,-2,TRUE
-1.27,-1.86,0.06,-1.55,-1.25,-0.18,10,7.15,8.3,240,165,25,5.4,105,FALSE
-1.87,-1.3,-1.62,0.61,-0.49,-0.51,10,7.15,5.65,145,365,25,13,10,FALSE
3.95,3.43,4.32,2.73,3.79,1.76,0,0.6,0.1,36,9,2,0.39,18,FALSE
-0.53,0.22,-0.24,0.9,1.67,-0.89,10,5.05,6.95,190,30,15,9.1,-30,FALSE
-1.08,-1.31,-1.31,-1.23,-0.61,-0.38,10,5.55,8.15,180,65,15,8.5,-75,FALSE
-1.46,-1.01,-1.23,-1.48,-1.11,0.99,10,7.6,5,205,80,15,10.6,-10,FALSE
-2.04,-2.67,-1.92,-2.4,-0.27,-0.06,10,7.1,7.15,30,85,5,9.1,-30,TRUE
2.29,3.03,4.03,4.57,4.99,1.43,0,0.88,0.29,32,66,4,1.19,2,TRUE
-2.91,-1.19,-2.67,-1.47,-2.56,2.84,10,8.5,7.8,145,340,5,8,-10,FALSE
-1.64,-0.24,-0.28,3.24,0.8,3.24,10,5.75,7.1,125,95,10,5.55,5,FALSE
3.14,2.61,3.36,2.79,2.83,1.77,1,0.42,0.88,24,11,4,0.34,8,FALSE
-2.12,-1.1,-1.43,-1.52,-0.05,4.36,10,7.25,7.55,145,335,15,7.1,-85,FALSE
-0.94,-0.96,1.82,1.38,-0.86,-0.59,10,5.15,7.25,175,185,15,13.95,-35,FALSE
2.86,2.66,2.45,5.58,5.86,2.08,1,0.16,1.04,33,44,2,1.92,11,FALSE
2.39,2.8,2.44,3.29,4.31,0.56,1,0.72,0.12,22,5,2,1.64,-5,FALSE
1.23,-1.1,-2.47,-1.02,-2.59,0.12,10,6.7,9.15,65,245,15,9.6,80,TRUE
2.74,2.52,2.12,2.21,2.14,0.69,1,0.97,0.57,18,3,2,0.77,-2,TRUE
3.03,2.96,5.53,2.66,5.09,3.81,1,0.01,0.41,32,2,2,1.34,16,FALSE
0.32,-1.27,0.16,-1.92,0.04,1.87,10,5.8,8.2,100,80,25,7.75,30,FALSE
1.71,-1.81,-2.02,-0.72,-2.02,1.6,10,6.15,6.75,60,140,15,13.75,-15,FALSE
-1.7,-0.7,-1.28,-1.43,-0.69,-0.63,10,6.75,7.05,220,185,10,12.8,5,FALSE
8.35,3.18,4.25,2.82,2.5,3.63,1,0.86,0.7,36,21,0,2.04,-5,TRUE
0.3,-0.17,1.62,0.09,-0.57,-0.61,10,5.05,7.4,195,85,25,9.55,65,FALSE
-0.19,-0.88,0.28,0.34,0.86,0.85,10,6.65,5.95,235,230,15,8.15,10,FALSE
3.7,4.32,5.39,3.65,2.83,1.41,1,0.47,0.59,40,31,2,1.56,-18,FALSE
2.27,3.16,2.28,2.46,3,2.63,0,0.68,0.75,16,26,0,1.25,-18,TRUE
3.54,3.35,2.27,2.95,2.7,1.89,1,0.94,0.01,0,34,4,0.25,6,TRUE
2.21,4.45,2.67,2.43,4,0.56,1,0.45,1,-4,30,2,1.02,5,TRUE
1.36,2.15,0.15,3.79,4.69,0.49,10,5.05,5.9,210,40,15,13.95,-30,FALSE
2.67,3.31,4.38,2.89,3.86,1.72,1,0.49,1,7,63,2,1.34,-12,TRUE
1.29,0.12,0.61,1.65,0.38,0.29,10,5.35,5.6,200,125,5,7.7,-5,FALSE
-0.98,-2.71,-0.39,-1.61,0.11,1.31,10,8.85,7.9,140,295,15,7.35,-25,TRUE
-2.3,-2.13,1.13,0.39,-1.85,1.66,10,6.7,6,25,355,15,9.1,-70,FALSE
3.75,2.41,2.97,2.76,2.34,1.14,1,0.39,0.94,12,20,2,1.95,12,TRUE
-0.06,-1.33,-1.63,-0.26,2.23,0.36,10,6.9,5.45,125,25,25,8.1,30,FALSE
-1.54,-1.98,0.63,-0.24,-1.22,-0.81,10,6.6,7.95,150,85,25,6.3,35,FALSE
3.83,-0.17,-1.66,-1.26,-0.66,1.11,10,6.1,7.2,90,275,10,8.1,5,FALSE
-2.11,-1.8,0.72,-1.65,-1.11,-0.49,10,6.45,7.35,50,55,15,5.95,40,TRUE
-0.61,-0.77,0.2,-2.05,-2.09,3.1,10,6.15,9.75,215,305,5,9.15,-85,FALSE
3.47,2.79,2.34,2.86,3.48,0.55,1,0.98,0.26,35,9,2,0.4,-3,FALSE
-1.69,-1.91,-1.45,-0.93,-1.24,1.22,10,6.35,7.4,45,225,5,14.1,-55,TRUE
2.81,2.31,2.66,2.78,2.42,0.88,1,0.66,0.78,36,13,0,1.73,-10,FALSE
-1.22,-0.56,-1.31,1.68,0.26,-1.01,10,5.9,5.15,55,125,15,12.4,-20,FALSE
3.15,3.66,4.68,2.43,3.89,1.38,1,0.91,0.03,41,57,4,1.94,10,FALSE
0.08,-1.44,-1.38,-0.57,-0.25,-0.18,10,5.9,6.9,165,170,15,6.15,35,FALSE
3.08,2.55,2.51,3.46,2.83,1.61,1,0.61,0.04,19,7,2,1.15,-19,FALSE
2.39,2.7,3.18,3.07,2.55,0.08,1,0.48,0.43,16,22,4,1.61,14,TRUE
-2.18,-0.36,-1.88,-0.5,-1.81,1.3,10,7.65,7.25,215,300,15,7.05,-25,FALSE
2.66,-0.94,-1.03,-1.15,0.83,-0.46,10,4.65,7.95,35,290,15,12.1,45,FALSE
-1.4,-2.21,-2.03,-2.79,-0.77,1.35,10,7.65,8,40,215,5,6.9,-75,FALSE
-1.44,-1.58,-0.55,-0.16,-2.08,0.51,10,7.15,8.3,145,65,5,9,-75,TRUE
4.23,2.57,3.54,2.26,2.19,0.81,1,0.49,0.9,3,3,0,0.52,-6,TRUE
-2.49,-0.84,-0.32,-2.22,-2.24,0.81,10,6.75,9.8,115,35,5,7.15,-90,TRUE
3.24,3.09,3.39,2.6,3.63,0.26,1,0.08,0.84,36,0,3,1.06,17,TRUE
-2.76,-1.8,-2.96,-1.38,-2.41,0.88,10,8.65,8.2,45,250,15,6.8,-10,TRUE
-0.57,0.19,0.96,-0.78,0.39,-0.7,10,5.7,6.15,170,155,15,13.35,75,FALSE
6.64,2.57,4.56,3.58,2.63,1.27,1,0.92,0.78,23,34,2,0.81,-17,TRUE
3.55,3.24,2.72,4.16,3.68,1.25,1,0.22,0.48,19,23,2,1.87,5,FALSE
-0.83,-0.57,-0.4,-0.8,0.02,0.83,10,5.6,5.75,140,120,25,8.85,25,FALSE
-1.77,-2.35,-1.8,-1.14,-2.22,3.89,10,8.25,5.95,70,210,15,12,-55,TRUE
2.49,4.03,3.52,5.91,3.3,4.31,1,0.38,0.67,7,25,0,1.54,-1,FALSE
-2.44,-2.43,-2.62,-0.75,-0.05,0.88,10,6.55,9.65,70,140,5,5.6,-40,TRUE
4.11,2.35,3.32,5.39,2.43,0.74,1,0.82,0.62,16,30,0,2,-7,TRUE
0.42,-1.77,-1.93,-1.26,-1.1,1.14,10,7.25,6.8,175,45,5,10.55,-80,FALSE
-0.79,-1.56,-1.25,-0.09,-0.81,1.37,10,6.9,5.15,150,340,15,5.25,-10,FALSE
3.45,2.43,2.29,2.88,2.45,0.31,1,0.77,0.86,41,28,2,1.81,4,TRUE
-0.28,0.4,-0.93,0.03,0.37,1.8,10,5.6,5.45,110,265,5,9.9,-70,FALSE
-2.27,-2.55,-2.54,-2.45,-1.92,0.62,10,8.8,6.8,145,150,5,11.1,-75,TRUE
-3.3,-2.5,-2.92,-2.04,-2.95,2.21,10,8.95,7.8,30,245,15,8.05,-65,TRUE
5.12,2.76,3.4,2.95,4.85,1.18,1,1.03,0.14,8,20,4,0.62,16,TRUE
-1.64,-0.43,-1.89,-1.16,-1.78,-0.96,10,5.7,8.25,105,200,25,9.3,105,FALSE
-1.58,-1.92,-0.68,0.89,1.47,-0.52,10,8.3,7.4,205,210,25,6.25,10,TRUE
-1.04,-1.09,0.54,-1.47,-0.92,-0.92,10,5.8,8.7,205,360,15,14.2,70,FALSE
2.91,3.23,2.13,3.46,4.64,2.73,1,1.05,0.63,9,1,2,0.14,6,TRUE
5.86,2.53,7.65,3.32,3.1,2.29,1,0.62,0.88,6,13,2,1.75,12,TRUE
3.25,2.57,4.34,3.8,2.91,0.43,1,0.6,0.47,14,13,4,0.81,9,TRUE
2.5,4.63,2.47,6.46,2.41,1.4,1,0.78,0.6,24,35,2,0.81,-15,TRUE
-1.34,0.4,0.64,-1.47,-0.95,-0.85,10,7.25,5.9,215,90,15,5.25,75,FALSE
2.56,2.72,2.48,3.03,3.35,3.44,1,0.46,1.02,14,19,2,1.41,4,TRUE
-0.18,-0.27,3.75,-0.07,-0.96,-0.93,10,6.3,5.65,200,110,15,6,110,FALSE
2.51,4.57,4.14,3.53,3.13,0.14,1,0.91,0.62,33,4,2,1.59,18,TRUE
-1.13,1.55,-0.7,-0.91,-1.08,-0.07,10,5.75,5.55,85,250,15,13.75,45,FALSE
0.06,-0.33,-0.21,-0.98,0.21,0.94,10,6.4,5.35,85,265,5,14.1,-55,FALSE
3.25,2.04,2.27,3.29,3.32,2,1,1.02,0.68,11,61,0,1.31,-10,TRUE
-0.64,2.12,1.54,-0.75,2.24,3,10,5.1,5.2,55,295,5,14.3,-85,FALSE
2.59,4.01,2.66,2.67,3.04,0.58,1,0.79,0.18,35,52,2,1.46,16,FALSE
2.7,3.65,6.17,3.32,2.73,0.54,1,0.65,0.5,7,56,2,1.89,3,FALSE
2.7,2.75,3.16,3.35,3.08,3.28,1,0.12,0.91,22,46,4,1.88,1,FALSE
2.99,3.49,3.96,2.49,2.31,1.35,1,0.67,0.69,38,29,0,1.33,-10,FALSE
2.75,4.78,3.13,6.99,2.39,0.7,1,0.58,0.59,25,4,2,0.3,10,FALSE
0.12,0.21,-0.71,-1.19,-0.93,1.86,10,5.55,7.6,190,55,5,10.75,-55,FALSE
2.24,2.2,2.49,3.09,6.18,0.4,1,0.74,0.83,20,22,2,1.54,2,TRUE
3.92,2.52,2.59,2.4,3.87,1.35,1,1,0.52,13,51,0,1.08,-3,TRUE
2.49,2.54,3.98,2.57,3.47,1.55,1,0.64,0.86,28,25,2,0.55,-19,TRUE
2.41,2.26,4.7,2.51,3.32,0.97,1,0.97,0.12,1,19,4,1.59,13,TRUE
2.45,2.67,3.66,2.83,6.78,1.25,1,0.99,0.03,-2,20,0,1.26,-18,TRUE
4.2,2.32,3.13,2.53,2.77,2.73,1,0.24,1.06,13,31,4,0.96,19,TRUE
2.48,3.46,2.69,2.36,5.33,0.59,1,0.8,0.48,41,12,2,1.93,-10,FALSE
8,2.74,3.02,3.99,3.07,0.65,1,0.08,0.54,38,22,2,1.53,18,FALSE
2.37,2.63,2.57,2.33,3.13,0.94,1,0.77,0.56,30,44,4,0.32,2,TRUE
3.74,3.13,2.97,3.3,2.81,0.49,1,0.89,0.27,27,8,4,1.05,5,TRUE
0.21,-2.02,-1.8,-1.61,-1.9,-0.05,10,6.5,6.95,60,95,15,7.8,-65,TRUE
2.41,2.23,4.25,4.62,3.42,1.14,1,0.72,0.55,8,4,2,1.37,-11,TRUE
0,-1.03,0.28,1.5,0.18,-0.65,10,5.5,7.15,180,120,15,14,-45,FALSE
2.74,2.28,2.61,3.6,2.73,1.16,1,0.94,0.42,37,16,2,0.09,15,FALSE
0.05,-2.47,-1.38,-1.22,-2.21,0.26,10,7.5,9.85,190,380,25,6.5,75,TRUE
4.13,7.29,4.19,3.17,3.92,1.87,1,0.01,0.94,39,41,4,1.68,10,FALSE
3.06,2.79,2.92,2.41,3.07,0.8,1,0.87,0.4,7,50,4,0.44,1,TRUE
2.27,2.65,2.36,2.59,2.94,1,1,0.59,0.93,25,13,2,0.36,-20,TRUE
2.05,1.35,-0.5,1.78,-0.71,1.13,10,5.75,6.75,235,130,15,6.55,-60,FALSE
2.66,2.42,2.45,2.87,2.23,1.91,1,0.86,0.84,16,29,2,0.99,12,TRUE
3.78,5.53,3.31,2.88,3.87,1.25,1,0.91,0.5,40,45,2,0.73,5,TRUE
-2.39,-2.7,-2.64,-2.09,-1.31,0.61,10,7.2,8.5,125,100,15,7.1,-90,TRUE
3.42,3.34,6.68,3.13,2.8,0.43,1,0.51,0.18,34,39,2,1.84,10,FALSE
-1.77,-1.09,-0.52,-1.1,2.45,-0.49,10,6,9.05,240,145,15,5.5,45,FALSE
4.87,3.55,5.46,2.09,3.34,0.99,1,0.96,0.53,6,3,2,1.39,15,TRUE
4.48,2.92,3.21,2.74,6.22,1.11,1,0.74,0.66,17,66,4,1.31,12,TRUE
-2.05,-1.75,-1.75,-2.11,-2.28,-0.31,10,8.75,5.1,105,65,15,7.05,-5,TRUE
5.8,2.17,3.44,5.85,2.11,0.13,1,0.81,0.8,6,24,4,1.48,11,TRUE
-1.61,-2.18,-0.37,-1.39,-2.12,0.78,10,5.5,8.35,50,290,15,8.8,60,TRUE
4.16,3.19,2.26,3.04,4.49,0.9,1,0.76,0.4,13,2,0,0.77,-19,TRUE
-2.06,-2.39,-1.02,-1.81,-1.98,0.83,10,5.5,8.6,35,255,15,5.25,-20,FALSE
4.64,2.78,3.74,4.05,3.1,0.45,1,0.85,0.73,26,6,4,0.38,9,TRUE
-1.41,-0.72,-0.88,-0.46,-0.68,0.42,10,7.45,6.55,145,225,15,14.15,20,TRUE
-2.31,-1.54,-1.89,-2.04,2.62,1.13,10,8.1,7.3,160,335,5,8.6,-35,FALSE
-2.02,-2.03,-1.24,-1.79,-1.85,-0.14,10,7.15,7.35,70,200,15,5.3,60,TRUE
-1.86,-0.92,-2.04,-2,-2.64,1.17,10,7.15,7.3,55,80,5,6.75,-35,TRUE
2.68,2.68,2.14,4.68,2.78,0.75,1,0.82,0.89,5,48,2,1.72,21,TRUE
0.1,1.2,-0.63,0.12,0,-0.97,10,5.3,6.1,145,65,5,13.2,-50,FALSE
-2.03,-1.21,-2.21,-1.36,-0.55,-0.13,10,6.3,8.85,140,335,25,7.75,50,TRUE
2.52,2.15,3.27,2.94,4.81,1.81,1,1,0.47,9,16,2,0.6,20,TRUE
-2.12,-1.18,-2.03,0.39,-2.12,0.65,10,6.85,6.2,90,65,5,10.8,-90,FALSE
4.48,3.68,4.07,3.1,2.96,1.92,1,0.83,0.16,35,17,2,1.16,4,FALSE
3.41,3,3.25,3.49,2.79,0.67,1,0.49,0.51,34,18,4,0.67,9,FALSE
3.48,3.18,2.94,2.52,3.1,1.44,1,0.67,0.56,26,65,2,1.41,9,FALSE
-1.79,-0.58,-1.04,-1.32,-0.87,-1.05,10,5.5,8,120,20,15,6.65,25,FALSE
-0.24,-2.41,-2.35,-2.22,-1.99,2.61,10,6.5,7.85,75,340,15,11.7,60,TRUE
-2.51,-0.07,-2.02,-1.91,1.97,-0.01,10,9,5.25,190,190,15,12.55,-80,TRUE
-2.81,-1.64,-1.45,-2.42,-2.36,1.71,10,8,8.65,180,285,5,10.1,-45,FALSE
3.94,2.59,5.34,2.53,5.51,1.02,1,0.43,0.81,21,71,2,1.6,5,FALSE
2.69,4.92,4.53,3.56,2.83,1.26,1,0.5,0.94,43,43,4,0.35,17,FALSE
-0.42,-1.7,-2.01,-1.01,1.1,0.03,10,7.9,6.5,200,110,15,6.25,-70,FALSE
-1.1,-1.68,-2.51,-2.26,1.23,0.76,10,7.1,6.7,25,295,15,10.5,35,TRUE
3.15,2.34,2.66,2.34,2.22,1.15,0,0.95,0.26,24,21,2,0.29,7,TRUE
3.05,3.65,2.37,2.81,2.45,0.67,1,0.56,0.49,8,9,2,1.23,4,FALSE
-1.07,-0.14,1.13,0.55,-1.51,0.74,10,4.9,7.4,70,280,15,6.65,-15,FALSE
3.03,4.26,3.83,6.04,2.05,1.18,1,0.84,0.88,8,6,0,0.57,-7,TRUE
3.92,2.39,2.87,3.27,4.57,1.38,1,0.84,0.79,33,13,2,1.32,13,TRUE
2.57,4.89,4.02,3.46,5.84,0.72,1,0.91,0.42,38,51,2,1.87,-19,TRUE
5.89,2.76,3.54,4.22,4.67,0.84,1,0.53,1.05,29,26,2,1.84,15,TRUE
-0.26,0.37,-1.13,-0.44,0.99,-0.89,10,6.35,5.1,120,85,15,14.75,-15,FALSE
3.07,2.36,3.57,2.23,3.43,1.91,1,0.53,0.75,9,3,0,0.44,-13,TRUE
2.89,3.37,3.81,2.57,3.03,0.72,1,0.63,0.42,13,0,1,0.75,4,FALSE
1.47,-1.4,-1.34,-1.48,-0.38,1.4,10,5.9,6.85,60,270,15,6.7,-65,FALSE
-0.95,-2.5,-2.74,-1.86,-2.34,1.23,10,8.95,8.55,200,255,15,6.5,-45,TRUE
5.69,2.26,2.3,2.84,2.73,0.61,1,0.94,0.24,7,2,2,1.47,3,TRUE
-1.76,-2.38,-1.95,0.54,-0.6,1.09,10,7.2,6.7,115,290,15,5.9,-60,FALSE
2.76,5.06,6.02,3,4.21,0.59,1,0.93,0.48,26,50,4,0.89,10,TRUE
0.14,-0.88,-1.83,-1.57,-1.73,3,10,6.15,7.1,85,260,5,7.05,-10,FALSE
-1.81,0.07,-1.99,-1.8,0.14,0.58,10,6.75,5.15,35,25,15,6.4,75,FALSE
-0.95,-0.62,1.66,-0.61,-1.08,-0.3,10,5.4,8.2,235,40,15,9.8,20,FALSE
-1.66,-1.77,-2.08,-0.31,-2.16,0.87,10,5.1,9.1,75,155,5,9.45,-85,FALSE
2.67,2.77,2.43,5.4,4.43,0.77,1,0.38,0.76,32,33,4,1.13,20,FALSE
2.37,3.71,2.34,3.9,7.18,2.68,1,0.99,0.36,35,35,2,1.57,-15,TRUE
-1.81,-2.2,0.51,0.2,-0.44,0.42,10,8.4,6.9,200,155,15,10.3,-85,TRUE
-0.15,-0.36,0.18,-0.49,0.03,1.86,10,5.85,5.1,165,275,15,7.55,0,FALSE
6,2.52,3.18,4.24,2.33,0.12,1,0.45,0.82,4,28,4,1.83,15,TRUE
2.92,2.57,3.48,5.07,3.64,1.65,1,0.7,0.27,33,17,4,0.21,5,FALSE
2.87,5.93,2.27,3.87,2.53,0.58,1,0.84,0.2,18,74,4,1.37,16,FALSE
-1.71,-1.5,-1.69,-1.87,0.01,1.84,10,5.1,8.6,105,140,15,5.3,-15,FALSE
2.71,2.53,2.51,3.81,2.88,1.52,1,0.67,0.66,19,6,4,1.83,18,TRUE
2.24,0.34,0.11,0.43,1.25,-0.32,10,5.65,5.1,190,165,15,11.3,80,FALSE
-2.16,-1.33,-0.23,-2.64,-1.47,1.15,10,7.75,6.5,55,295,15,10.65,45,TRUE
4.33,4.43,2.29,2.83,2.43,3.08,1,0.3,0.91,4,20,2,1.42,-20,FALSE
-3.15,-1.58,-1.84,-2.25,-0.57,2.09,10,8.5,10.05,80,265,5,6.35,-65,TRUE
5.8,3.15,3.72,2.91,2.92,3.03,1,0.05,0.86,18,19,4,0.61,13,FALSE
-0.78,-1.39,-1.89,-1.11,-1.52,1.33,10,6.25,8.6,205,20,15,5.05,10,TRUE
2.65,2.41,2.72,2.4,6.85,2.96,1,0.81,0.04,33,48,4,1.32,7,FALSE
2.13,1.95,8.15,2.91,4.43,2.5,1,1.01,0.98,6,27,4,1.79,7,TRUE
4.97,3.51,3.12,2.62,2.33,1.12,1,0.91,0.18,18,18,4,0.4,9,FALSE
2.81,3.55,3.25,3.46,3.03,1.02,1,1,0.21,37,43,2,1.72,12,FALSE
3.02,3.8,4.11,2.8,2.46,2.06,1,0.93,0.82,21,77,2,1.17,5,TRUE
6.83,2.92,3.87,3.8,5.11,0.34,1,0.56,0.49,32,3,4,0.88,12,TRUE
2.3,-0.66,0.65,-1.66,-1.27,2.32,10,5.6,7.1,95,325,15,8.8,-15,FALSE
3.66,5.18,5.43,3.27,2.36,2.79,1,0.96,0.92,34,49,2,1.11,-8,TRUE
0.15,-2.16,-2.17,-0.33,-0.56,0.95,10,5.85,9.5,160,35,5,7.15,-65,FALSE
3.9,3.48,2.36,5.15,3.46,1.73,1,0.3,0.71,7,13,0,1.24,-9,FALSE
-1.36,-1.9,-1.74,0.01,-0.18,0.13,10,7.5,9.3,165,5,0,7.95,-65,TRUE
2.91,3.93,4.18,3.52,2.8,0.82,1,0.7,0.09,15,69,4,1.39,6,FALSE
3.75,2.67,3.32,2.38,2.38,4.81,1,0.11,0.99,4,11,2,0.74,5,FALSE
-1.86,0.77,-1.71,-1.9,-0.18,-0.29,10,6.75,7.3,185,250,15,10.9,45,FALSE
6.09,3.2,3.02,3.67,3.44,0.54,1,0.57,0.34,9,33,4,0.8,6,FALSE
2.7,2.37,3.38,2.52,2.77,0.84,1,0.63,0.58,24,16,2,1.82,3,TRUE
-1.13,0.84,-1.66,-1.58,-0.53,-0.76,10,5.7,7.45,120,135,5,12.1,-15,FALSE
-1.77,-0.9,-1.7,-1.35,-0.84,0.81,10,5.65,7.9,120,120,5,7.95,-55,FALSE
2.96,2.82,2.61,2.73,4.25,0.17,1,0.96,0.04,42,21,4,1.38,9,TRUE
-0.93,-0.69,-0.87,-1.31,0.81,1.14,10,6.1,6.95,150,30,5,5.6,-90,FALSE
2.18,3.39,2.86,2.52,2.65,1.49,1,0.99,0.35,1,12,0,1.8,-1,TRUE
3.15,2.67,2.5,3.65,3.53,1.68,1,0.24,0.62,14,6,2,0.91,4,FALSE
-2,-1.55,-1.99,-1.35,2.34,3.71,10,6.4,8.2,170,120,15,7.6,-80,FALSE
-1.46,-0.9,-0.66,-0.04,4.92,-0.43,10,5.4,9.7,215,215,20,9.8,5,FALSE
0.61,-0.74,-1.08,1.3,1,1.73,10,6.4,6.4,210,335,15,9.05,-30,FALSE
0.73,-1.8,-0.23,-2.4,-0.67,0.64,10,7.75,7.5,215,330,15,11.3,-10,FALSE
2.44,3.61,3.4,2.65,2.5,1.66,1,0.7,0.76,9,21,4,0.89,17,TRUE
0.26,-2.03,0.66,-0.96,-2.05,2.7,10,6.85,5.35,60,295,15,6.25,-20,FALSE
0.98,0.11,-0.41,0.4,-0.06,0.59,10,4.5,7.3,150,315,25,5.3,10,FALSE
3.57,2.96,5.6,2.34,3.1,0.84,1,0.46,0.74,18,14,0,1.77,-18,FALSE
-1.07,-1.08,-2.27,0.04,-1.14,-1.1,10,6.65,6,35,5,10,10.45,0,FALSE
4.91,2.52,2.8,2.84,3.74,0.99,1,0.9,0.94,36,33,4,0.09,11,TRUE
1.49,-1.78,-1.17,-1.88,1.34,-0.14,10,6.05,7.8,125,70,15,7.55,45,FALSE
-2.55,-0.64,-0.86,-2.32,-2.78,0.67,10,6.05,9.45,25,355,5,12.5,-30,FALSE
2.96,5.81,3.55,4.05,2.26,0.63,1,0.53,0.94,16,24,0,1.3,-13,TRUE
4.95,3.66,2.48,4.17,4.63,0.5,1,0.59,0.79,42,13,4,0.81,13,TRUE
3.78,4.87,2.89,2.52,2.68,0.33,1,0.74,0.33,7,20,4,0.9,15,TRUE
-2.08,0.85,1.21,-1.03,-1.82,0.91,10,6.35,7.2,95,230,15,8.6,95,TRUE
-1.8,-1.63,0.28,-1.78,0.38,0.73,10,6.9,5.9,90,120,15,7.25,50,TRUE
2.43,3.62,2.54,3.19,2.25,1.62,1,0.6,0.79,21,5,2,0.22,-16,TRUE
4.52,3,3.61,3.53,4.36,0.52,1,0.77,0.5,5,15,2,0.27,4,TRUE
3.41,2.4,4.27,4.16,2.44,1.64,1,0.26,0.89,3,4,2,2.04,-1,TRUE
3.23,3.2,4.76,3.53,2.86,1.72,1,0.58,0.06,9,15,4,1.95,15,TRUE
-1.32,-0.15,-1.66,-1.46,1.16,2.55,10,5.7,7.1,110,255,5,9.2,0,FALSE
-1.9,-2.58,-1.32,-1.67,-2.38,-0.3,5,6.4,6.4,70,355,25,7.95,45,TRUE
-1.48,-1.11,-1.68,-1.67,-1.94,-0.38,10,6.45,6.8,90,230,15,14.35,55,FALSE
3,4.07,2.81,2.38,4.07,0.61,1,0.96,0.6,15,7,2,0.6,11,TRUE
3.76,5.99,4.02,4.64,9.03,1.2,1,0.8,0.16,0,2,4,1.39,11,TRUE
3.02,2.19,2.4,2.27,3.26,2.64,1,0.8,0.85,24,26,2,0.39,-4,TRUE
-1.45,3.77,-0.81,-1.68,0.06,0.93,10,5.35,8.7,35,360,15,9,10,FALSE
0.41,-0.34,-0.58,-0.53,-0.82,1.85,10,5.3,6.35,105,70,25,6.75,30,FALSE
-2.9,-1.85,-2.14,-2.48,-0.57,0.79,10,7.6,9.7,175,330,15,5.55,10,FALSE
4.26,3.52,2.49,5.76,4.08,1.59,1,0.57,0.65,40,9,2,0.3,8,FALSE
3.54,2.28,3.99,3.25,3.31,2.52,1,0.76,0.81,6,58,2,1.32,-9,TRUE
-0.62,0.16,1.12,-1.46,0.06,-0.34,10,5.4,6.85,15,55,5,13.15,-5,FALSE
2.45,-0.07,0.77,-1.92,-2.09,0.37,10,8.05,6.55,215,25,5,10.4,-70,TRUE
-0.5,-1.04,-1.01,2.27,-1,2.07,10,5.6,7.25,180,10,25,6.05,55,FALSE
-2.68,-3.01,0.25,-2.69,-1.97,-0.02,10,9.05,5.95,50,250,25,7.6,30,TRUE
4.79,5.49,2.57,4.84,4.36,0.72,1,0.76,0.65,16,11,0,1.91,-1,TRUE
4.07,2.42,5.74,3.33,2.7,1.45,1,0.5,0.29,14,33,2,1.47,12,FALSE
-0.14,-2.43,-2.45,0,-2.4,-0.15,10,7.4,5.8,35,70,5,12.45,-65,TRUE
-1.67,-2.58,-2.54,-1.07,-2.49,3,10,7.7,7.35,145,355,15,6.65,-15,FALSE
2.56,3.03,2.62,3.97,3.11,0.43,1,0.79,0.3,33,1,3,0.03,0,FALSE
2.76,2.6,2.7,9.39,3.18,0.82,1,0.26,0.62,35,23,2,1.05,14,FALSE
3.16,3.16,2.43,4.73,5.47,1.48,1,0.87,0.97,23,49,4,0.34,15,TRUE
1.2,0.09,0.91,-0.3,0.35,-0.76,10,5,7.35,210,190,15,11,-10,FALSE
-2.53,-1.11,-1.67,-2.27,-2.39,-0.34,10,5.65,9.6,75,110,15,6.95,40,TRUE
3.08,2.74,2.91,2.93,3.05,0.8,1,0.54,0.64,40,42,2,1.66,19,FALSE
3.17,2.49,2.9,2.48,2.29,0.54,1,0.76,0.72,5,24,4,1.54,8,TRUE
3.22,4.34,2.31,2.6,3.03,0.5,1,0.85,0.52,44,8,4,1.83,6,TRUE
2.56,4.66,2.57,4.85,8.37,2.47,1,0.5,0.61,36,9,2,1.46,10,FALSE
-0.77,0.48,-0.92,-1.05,-0.07,0.69,10,5.75,7.95,225,80,15,5.55,-25,FALSE
2.84,2.54,2.43,2.27,2.92,3.27,1,0.86,0.45,13,72,4,1.04,1,TRUE
-1.55,-1.74,-0.83,-1.72,-2.25,0.79,10,5.8,9.5,150,205,5,13,-30,TRUE
-0.89,-0.13,-0.6,-1.3,-0.68,-0.93,10,5.6,6.15,65,130,25,9.2,10,FALSE
2.81,-2.23,-1.4,-1.65,-2.13,3.16,10,5.85,7.5,30,140,15,8,-5,TRUE
-1.9,-1.96,-2.86,-1,-2.24,4.36,10,9.3,8.25,215,370,15,6.45,30,TRUE
-1.4,-2.32,-2.72,-1.89,-0.7,0.45,10,8.3,8.35,55,245,15,7.4,-15,TRUE
-1.26,-2.34,-2.54,-1.02,-2.12,0.47,10,5.35,9.25,0,325,25,5.5,30,TRUE
-2.45,-1.15,-1.56,-2.12,-1.6,0.53,10,8.2,5.7,130,190,15,11.2,-70,TRUE
-2.47,-1.8,-1.72,-2.33,-1.67,0.77,10,7.05,8.75,185,285,15,9.15,-60,FALSE
0.02,-1.66,-2.02,-1.48,0.84,1.16,10,6.2,9.1,230,215,15,5,-10,FALSE
2.36,3.55,2.3,2.42,4.87,1.77,1,0.43,1.02,13,10,0,1.77,-1,TRUE
5.44,4.05,4.02,4.1,5.73,2.4,1,0.74,0.64,41,10,2,0.42,-1,FALSE
-1.98,-2.65,-2.33,-1.75,-2.74,1.6,10,8.45,8.25,150,335,15,5.55,20,TRUE
2.58,2.82,3.43,2.74,3.2,0.69,1,0.87,0.81,37,7,4,1.62,18,TRUE
1.2,0.08,-1.79,2.33,1.86,0.85,10,5.2,7.7,60,35,25,6.15,10,FALSE
2.94,2.21,3.52,2.94,2.17,1.77,1,0.51,0.91,4,30,4,0.54,3,TRUE
-0.27,-1.28,-1.12,0.32,0.01,0.43,10,5.55,7.4,130,305,5,12.55,-10,FALSE
-1.74,-1.05,-2.08,0.67,-1.74,1.49,10,5.5,9.8,-5,370,5,6.35,-80,FALSE
-0.79,-1.31,-2.05,-2.21,-2.14,2.06,10,7.8,5.95,125,90,5,8.15,-10,TRUE
-1.83,1.02,-1.07,-1.39,-1.2,3.09,10,5.2,7.7,25,140,25,5.3,65,TRUE
-2.11,-1.44,-2.91,-2.09,-1.39,1.08,10,7.15,9.45,55,315,15,6.25,-20,TRUE
-2.38,-2.56,-1.78,-0.9,-2.7,-0.44,10,9.15,6.4,200,200,25,6,55,TRUE
2.26,2.32,5.15,2.8,5.32,1.15,1,0.97,0.49,17,11,0,1.71,-13,TRUE
2.26,2.24,2.26,3.14,2.58,0.2,1,0.67,0.79,3,7,4,1.43,12,TRUE
0.38,0.75,0.07,-0.2,0.31,-0.26,10,5.5,5.25,170,95,25,6.45,45,FALSE
-2.07,-2.16,-2.45,-1.2,-3.02,1.33,10,9.85,5.7,35,390,5,12.5,-25,TRUE
2.41,3.38,5.31,2.27,4.8,3.1,1,0.95,0.64,17,21,0,0.68,-19,TRUE
2.03,-0.21,2.37,-0.19,-0.92,-0.81,10,5.3,7,170,35,15,11.95,-100,FALSE
-0.31,-0.14,0.07,0.32,0.4,1.2,10,5.9,6.7,220,370,15,10.9,45,FALSE
3.12,2.32,2.89,2.96,2.37,0.68,1,0.78,0.85,17,22,2,0.88,-3,TRUE
6.33,2.68,5.83,3.09,3.36,1.48,1,0.12,0.91,0,3,0,2.13,-15,FALSE
3.62,2.48,2.6,4.27,3.61,1.7,1,0.74,0.29,26,27,2,0.86,3,FALSE
2.99,3.29,2.94,7.62,3.27,0.5,1,0.12,0.78,28,3,4,1.22,3,FALSE
-0.99,-1.59,-0.31,-1.53,-0.54,0.77,10,5.05,8.25,105,315,15,13.1,-35,FALSE
3.29,2.64,5.16,5.3,3.39,1.27,1,0.52,0.37,18,16,2,1.18,15,FALSE
-2.14,-2.08,-1.79,-2.77,-2.69,4.63,5,6.95,8.9,190,325,5,12.1,-50,TRUE
5.12,2.43,6.82,2.3,2.53,3.12,1,0.84,0.38,36,39,2,1.19,-14,TRUE
-0.53,1.56,-1.41,0.82,0.41,1.28,10,6.25,5.2,100,55,5,6.45,-35,FALSE
4.6,2.46,3.08,2.36,2.33,0.03,1,0.67,0.51,11,3,2,1.88,12,TRUE
2.53,7.92,3.39,5.37,2.41,3.21,1,0.52,0.63,20,15,0,1.44,-7,FALSE
3.89,5.2,3.8,2.96,2.43,0.71,1,0.92,0.39,25,1,2,1.54,-16,TRUE
2.37,2.62,2.64,3.11,4.41,3.09,1,0.53,0.88,45,12,2,0.76,14,FALSE
-2,-1.77,3.38,-1.92,2.37,0.42,10,6.4,7.8,170,45,5,7.35,-85,FALSE
0.7,-1.57,-1,-0.2,1.67,0.61,10,5.65,7.25,125,340,15,9.5,-10,FALSE
2.43,5.06,3.94,2.76,4.01,0.44,1,0.6,0.1,11,33,2,1.66,-2,FALSE
3.71,3.58,3.88,2.26,3.23,0.57,1,0.76,0.58,19,26,2,1.41,-17,TRUE
2.24,3.48,4.22,2.34,4.52,0.73,1,0.84,0.79,29,29,2,0,-1,TRUE
5.19,2.86,2.46,5.18,2.44,0.84,1,0.62,0.86,11,8,4,2.07,10,TRUE
5.04,3.16,2.86,3.17,3.86,0.43,1,0.53,0.11,3,13,4,1.34,5,TRUE
-1.04,-0.98,-0.08,0.47,-0.52,0.52,10,6.5,7.05,215,110,5,13.8,-90,FALSE
1.21,-1.82,-1.91,-1.96,-1.38,4.4,10,7.3,7,190,245,15,5.85,-80,FALSE
-2.39,-1.77,-2.29,0.81,-2.22,1.5,10,7.9,8.4,210,350,15,5.9,0,FALSE
-0.94,0.23,-0.81,-1.69,1.09,0.68,10,6.3,5.35,35,275,5,13.95,-80,FALSE
-2.9,-2.23,-2.95,0.92,-2.2,2.05,10,9.75,6.2,165,330,5,15.25,-30,TRUE
5.05,2.72,3.69,3.42,2.65,0.88,1,0.76,0.41,37,17,2,0.06,6,FALSE
2.93,2.44,6.65,2.09,4.11,1.04,0,0.83,0.9,30,50,4,0.66,6,TRUE
2.6,2.84,3.83,3.94,3.08,2.36,0,0.17,0.59,13,49,2,1.86,-4,FALSE
4.95,2.99,2.39,2.89,3.57,0.13,1,0.92,0.87,32,3,4,1.35,16,TRUE
2.55,3.1,2.58,3.09,3.14,0.55,1,0.82,0.4,40,55,4,0.88,9,FALSE
3.22,6.69,2.8,2.46,2.38,3.61,1,0.71,0.61,43,46,4,1.11,3,FALSE
4.49,3.99,2.77,2.6,5.13,1.3,1,0.65,0.53,40,5,2,1.64,-13,FALSE
2.98,2.74,2.59,3.22,4.81,0.37,1,0.33,0.4,1,2,2,1.91,-5,FALSE
0.23,-1.88,0.72,-2.03,2.83,2.39,10,7.55,6.3,195,270,15,9.25,65,FALSE
2.97,3.65,6.35,4.29,2.51,0.29,1,0.25,0.59,25,4,4,0.54,5,FALSE
-2.13,-2.05,-0.99,-1.33,-2.3,2.37,10,6.25,9.75,120,100,5,9.8,-75,TRUE
3.14,2.64,2.45,3.21,4.6,0.16,1,0.31,0.91,14,20,2,1.89,17,TRUE
-1.79,-2.05,-1.79,-2.07,-2.2,1.13,10,5.95,8.65,55,305,15,7.1,-45,FALSE
4.77,3.56,2.41,4.16,3.12,1.05,1,0.67,0.72,18,15,2,1.33,6,TRUE
4.06,4.11,6.97,3.87,3.69,1.08,1,0.82,0.84,6,37,4,1.99,14,TRUE
-0.26,-1.3,-1.05,-1.48,-0.39,-0.15,10,5.05,8.35,145,175,15,7.1,35,FALSE
-1.45,-1.59,-1.51,-1.11,0.27,1.15,10,5.9,6.25,85,100,15,5.45,90,FALSE
-2.58,-2.55,-3,0.12,-2.71,0.85,10,8.9,8.05,165,365,25,6.4,90,TRUE
6.01,2.87,3.11,3.86,3.06,-0.08,1,0.59,0.22,9,7,4,1.77,19,TRUE
-1.71,-1.83,-2.09,-1.81,-1.37,0.61,10,6.75,5.6,20,80,15,9.4,60,FALSE
-1.39,-1.12,2.04,-0.01,-0.7,-0.65,10,5.6,5.8,35,85,15,9.2,-55,FALSE
4.23,3.37,2.45,4.6,3.8,0.4,1,0.42,0.73,20,6,2,0.95,13,FALSE
6.72,3.33,4.12,5.15,2.75,1.27,1,1,0.14,6,24,2,1.58,-10,TRUE
-1.6,1,-1.73,-1.54,-2.02,0.26,10,5.8,8.7,60,190,15,7.95,-65,FALSE
2.17,-2.15,-0.93,-2.5,-0.79,2.99,10,6.5,8.9,70,145,5,6.2,-95,FALSE
0.22,0.99,-0.64,-0.98,-0.83,-0.75,10,5.3,7.9,205,195,15,6,85,FALSE
-3.17,-2.81,-3.03,-1.52,-2.49,1.81,10,9.7,5.25,15,255,5,8.45,-5,TRUE
1.6,-1.31,-1.74,-1.28,-1.52,2.24,10,7.85,5.7,220,130,5,9.7,-80,FALSE
0.71,1.93,0.99,1.5,1.81,-0.64,10,5.4,6.5,205,40,5,14.85,-35,FALSE
3.04,4.58,4,4.55,4.99,0.89,1,0.5,0.54,8,8,4,0.17,12,FALSE
-1.85,-1.89,-1.78,-1.09,-1.37,0.5,10,6.4,8.55,205,120,15,6.35,75,TRUE
3.88,3.3,3.42,5.49,2.5,0.18,1,0.23,0.47,1,10,4,0.82,22,TRUE
-3.02,-2.76,-2.94,-2.87,-2.99,1.58,10,9.9,6.4,115,125,5,5.4,-85,TRUE
-2.05,0.13,-1.69,1.04,4.75,0.24,10,6.4,9,225,250,15,8.2,35,FALSE
3.46,2.19,2.7,3.19,3.77,1.77,1,0.8,0.84,33,11,2,0.33,-15,TRUE
2.19,3.44,2.89,1.95,2.37,1.42,1,0.83,1.03,-2,16,2,0.57,-16,TRUE
-1.72,-1.58,-2.39,-1.12,-3.12,-0.5,10,9.25,6,15,170,15,6.8,15,TRUE
4.7,2.75,4.43,4.29,2.49,0.43,1,0.48,0.39,30,44,4,1.23,6,FALSE
4.77,6.66,3.05,4.82,3.63,2.68,1,0.43,0.68,40,6,2,1.2,-11,FALSE
-0.61,-1.29,-1.04,-1.74,0.45,-0.76,10,7.95,5.4,215,255,25,8.75,10,FALSE
6.69,4.37,2.58,3.27,2.85,0.57,1,0.22,0.69,0,5,2,0.59,19,FALSE
-1.51,-1.41,-1.25,-2.1,-2.06,-0.82,10,6.75,5.85,70,180,25,7.95,30,TRUE
8.6,3.17,2.95,3.99,2.24,0.73,1,0.94,0.7,21,48,2,0.26,19,TRUE
1.46,-0.85,-1.67,-1.06,-1.55,-0.73,10,5.55,8.45,150,10,5,8.4,0,FALSE
6.02,4.22,2.34,3.87,3.67,1.14,1,0.61,0.41,19,2,2,0.9,-19,FALSE
4.03,3.04,2.96,2.66,3.26,1.13,1,0.08,0.74,17,1,2,0.95,17,FALSE
4.19,2.48,2.1,2.34,3.25,0.12,1,1.01,0.89,39,11,4,1.65,10,TRUE
6.14,2.96,2.62,2.51,4.53,2.43,1,0.2,0.54,4,7,2,2.09,-3,FALSE
-2.07,-2.52,-2.74,-2.66,-2.16,1.85,10,8.6,5.15,45,315,10,6.85,5,FALSE
2.86,6.67,2.67,3.43,2.52,1.68,1,0.73,0.37,19,10,0,1.17,-5,FALSE
3.19,3.76,3.61,3.25,3.95,0.3,0,0.47,0.82,44,58,4,1.84,12,FALSE
3.39,4.89,2.86,2.46,4.01,1.37,1,0.75,0.39,6,6,4,0.61,3,TRUE
-0.59,-1.79,-2.31,-2.08,-2.04,0.41,10,5.6,8.65,55,65,15,9.15,-15,TRUE
-1.13,-1.77,-1.38,-1.97,-2.44,0.98,10,7.15,8.35,195,65,5,6.55,-30,TRUE
-2.53,-1.59,-2.19,-2.42,-0.8,1.52,10,6.15,9.6,95,295,15,7.8,-75,FALSE
3.85,5.11,3.96,4.14,4.26,3.17,1,0.21,1.01,33,1,2,1.54,-3,FALSE
2.53,6.02,2.41,3.8,3.55,0.93,1,0.82,0.07,25,9,0,1.23,-9,FALSE
-1.5,-1.41,-0.08,2.39,-1.59,0.75,10,6.35,6.75,45,205,15,9.1,-70,FALSE
3.57,4.65,2.73,2.32,2.94,0.66,1,0.47,0.73,10,21,2,1.39,-19,FALSE
2.7,2.52,3.31,3.09,2.53,2.08,1,0.6,0.64,42,9,2,0.97,12,FALSE
-0.91,-2.34,-2.62,-2.28,-1.92,2.93,10,7.85,7.2,145,60,5,5.35,-85,FALSE
2.33,3.35,5.02,2.75,2.54,2.42,1,1.02,0.42,2,24,2,1.68,-5,TRUE
-1.91,0.51,-1.98,0.53,-1.67,2.5,10,6.4,6.55,100,365,15,10.05,60,FALSE
-0.84,-1.2,-0.98,-0.02,-0.19,0.09,10,5.15,9,220,205,25,7.95,100,FALSE
1.36,-1.53,-1.01,-1.05,-1.73,0.39,10,7.05,7.5,230,335,15,6.55,95,FALSE
2.45,2.74,3.32,4.21,5.47,0.84,1,0.5,0.51,27,13,2,1.1,-12,FALSE
-1.02,-2.66,-2.81,-2.48,-2.72,0.79,10,9.5,6.55,195,215,15,7.5,-15,TRUE
3.36,2.78,2.03,2.45,2.72,1.16,1,1,0.96,9,3,0,1.54,-13,TRUE
-1.88,-0.23,-2.29,-3.37,-2.01,0.97,10,8.35,9.25,-5,130,5,5.1,-80,TRUE
-1.38,-0.83,-1.43,3.41,-0.37,0.26,10,6.6,5.35,125,135,15,9.2,40,FALSE
4.93,2.52,3.37,3.47,3.46,0.4,1,0.36,0.62,8,38,2,1.3,11,FALSE
-0.02,-1.27,-1.33,-0.74,-0.96,0.54,10,8.7,6,200,10,15,6.8,-65,TRUE
-0.25,-0.35,0.35,0.02,0.17,1.59,10,4.65,7.65,200,200,25,6.35,85,FALSE
-2.34,-1.94,-0.39,-2.3,-2.66,3.04,10,7.4,6.55,5,115,5,6.35,-50,TRUE
-0.7,0.3,0.08,-0.09,-0.65,-1.08,10,4.7,7.4,120,185,15,13.15,95,FALSE
5,4.3,5.27,9.92,4.3,0.74,1,0.64,0.82,33,17,0,0.79,-9,TRUE
-0.28,2.78,-0.27,0.29,0.96,-1.05,10,5,5.6,135,135,15,13.85,30,FALSE
-1.36,-0.78,-2.26,-0.48,-0.77,2.9,10,6.7,7.85,145,250,15,12.75,15,TRUE
2.36,2.93,4.1,4.19,2.35,0.52,1,0.91,0.32,17,5,2,1.4,-20,TRUE
3.4,2.8,2.94,2.16,4.83,0.9,1,0.84,0.75,5,64,2,0.84,4,TRUE
2.65,3.78,2.31,3.09,2.85,0.7,1,0.77,0.67,26,11,2,0.39,-20,TRUE
-1.28,-0.67,-1.63,-1.77,0.79,1.59,10,6.5,5.2,60,235,5,8.35,-5,FALSE
-0.73,-1.69,-2.09,-2.55,-2.68,1.18,10,5.95,9.9,90,130,5,5.2,-10,TRUE
2.46,2.94,2.48,2.93,3.87,1.87,1,0.12,0.68,10,8,2,2.02,-9,FALSE
-2.2,-3.01,-1.6,-0.68,-1.1,1.04,10,8.15,9.2,145,275,15,9.45,-35,TRUE
3.46,6.06,6.59,4.58,2.92,2.05,1,0.25,0.36,40,17,2,1.46,11,FALSE
-1.06,0.18,0.68,0.11,-0.56,-0.36,10,5.9,7.3,220,195,25,12.75,45,FALSE
4.1,2.31,2.9,2.82,3.19,0.46,1,0.77,0.57,18,13,4,0.22,17,TRUE
2.46,2.72,2.45,3.48,3.51,0.22,1,0.7,0.19,6,6,2,0.87,13,TRUE
3.34,2.61,2.52,4.31,2.43,1.35,1,0.29,0.96,34,21,2,1.62,-7,FALSE
2.31,2.42,2.22,2.47,3.12,2.35,1,0.51,0.82,3,72,4,1.22,16,TRUE
4.54,2.77,2.48,3.13,3.03,0.65,1,0.84,0.15,20,41,4,0.83,5,FALSE
5.18,4.34,3.45,4.99,3.32,1.38,1,0.38,0.59,39,12,4,1.53,2,FALSE
0.18,0.93,0.18,0.3,0.22,1.35,10,5.1,6.5,240,270,15,8.55,-85,FALSE
-1.96,-2.44,-1.85,-1.48,-1.63,-1.11,10,6,8.3,50,55,15,7.1,80,FALSE
-1.27,-0.91,-0.54,4.75,-1.52,-0.05,10,5.25,6.85,20,30,15,9.8,55,FALSE
2.55,2.87,2.69,3.65,2.4,0.61,1,0.49,0.28,12,26,2,1.61,7,FALSE
2.22,2.76,3.26,3.33,6.35,2.25,1,0.9,0.95,34,35,2,1.66,-21,TRUE
3.05,4.54,2.84,3.23,3.7,0.94,1,0.92,0.55,25,22,4,1.1,7,TRUE
0.78,-2.12,-1.09,0.63,-1.93,-0.55,10,7.3,6.6,175,15,5,8.9,-65,FALSE
-0.3,-0.83,-2.11,-0.87,0.39,1.1,10,10.1,5.6,95,375,15,7.6,40,TRUE
2.69,4.39,4.35,2.86,3.08,2,1,0.55,0.47,20,36,4,2,14,TRUE
-0.04,-0.88,2.22,2.55,-1.09,-0.86,10,6.75,5.35,200,50,5,10.65,-30,FALSE
2.52,2.22,3.01,3.16,2.58,0.71,1,0.83,0.91,10,17,2,1.53,17,TRUE
-1.69,0.87,-1.83,-1.27,-1.8,-0.15,10,5.7,8.05,90,95,15,7.6,75,FALSE
3.04,3.15,2.62,2.7,2.91,0.48,1,-0.05,0.46,26,32,4,1.86,5,FALSE
-1.62,-1.25,0.01,-1,-1.64,0.15,10,5.95,8.55,225,75,15,8.35,-70,FALSE
1.39,-1.89,-0.29,-1.75,-0.64,0.08,10,6.1,6.85,100,55,15,11.6,-20,FALSE
2.53,4.7,3.25,2.29,2.55,1.16,1,0.96,0.74,42,39,2,1.32,-11,TRUE
-1.48,-2.32,0.08,-1.92,2.97,2.89,10,8.5,5.15,130,310,5,14.8,-55,FALSE
0.06,-2.9,-2.53,-0.06,-2.81,3.44,10,7.65,9.25,160,250,5,6,-80,FALSE
2.84,3.23,2.87,5.07,3.46,0.49,1,0.42,0.47,27,46,3,2.03,0,FALSE
-2.82,-2.71,-2.84,-1.62,-1.6,1.23,10,9,7.85,225,350,5,7.5,-85,FALSE
-2.75,-0.14,-1.46,-2.54,-2.44,0.88,10,7.4,8.2,95,50,15,6.85,-80,TRUE
3.01,4.51,3.56,2.23,3.02,2.68,1,0.9,0.61,18,53,2,1.38,16,TRUE
0.96,-0.78,2.09,1.14,-0.39,2.51,10,4.95,6.65,115,290,5,8.65,-5,FALSE
-0.93,-0.28,-1.34,-0.06,0.02,0.55,10,5.75,6.3,25,265,15,11.8,-60,FALSE
2.31,0.57,-0.21,-0.83,-0.27,-0.33,10,5.65,5.25,120,150,15,5.85,45,FALSE
-2.88,-2.57,-2.98,-1.24,1.27,2.24,10,8.7,9.05,120,215,5,7.7,-30,TRUE
4.38,3.56,3.2,5.87,4.42,0.95,1,0.12,0.46,17,7,4,1.49,3,FALSE
-1.66,-2.48,-2.75,-1.85,-1.25,2.31,10,9,6,115,335,5,8.7,-15,FALSE
-0.8,-2.37,0.5,-2.53,-0.32,0.49,10,8.95,6,180,230,15,7.75,85,TRUE
0.26,-1.24,-1.13,-1.45,-0.3,-0.29,10,5.25,6.3,25,10,15,12.45,-60,FALSE
2.27,3.15,4.47,3.17,3.7,0.15,1,1.04,0.25,22,20,2,1.84,13,TRUE
3.16,2.46,4.89,2.96,2.28,1.04,1,0.68,0.73,17,33,2,0.15,6,TRUE
0.44,0.38,2.06,-0.29,-1.67,-1.17,10,5.65,8.75,135,135,25,8.25,95,FALSE
2.64,3.42,2.35,3.69,3.86,1.14,1,0.61,0.43,24,75,4,1.35,14,FALSE
-1.63,-1.99,-1.62,0.84,-1.97,4.93,10,5.35,10,105,345,15,9,-25,FALSE
2.79,2.28,4.13,2.84,3.1,2.01,1,0.97,0.09,28,33,2,0.72,16,FALSE
2.81,3.45,3.58,2.88,4.71,1.18,1,0.16,0.61,8,9,2,1.48,1,FALSE
3.19,2.61,3.33,4.01,3.07,0.65,1,0.87,0.82,44,22,4,2.01,15,TRUE
6.23,2.68,2.57,2.35,3.53,0.71,1,0.88,0.24,32,49,4,1.62,9,FALSE
3.52,2.42,3.71,3.28,3.8,0.95,1,0.81,0.74,31,32,2,1.39,-6,TRUE
-1.42,-0.63,-1.53,3.74,-1.22,0.01,10,7.2,6.15,225,60,25,8.9,35,FALSE
-1.06,-1.66,-2.25,-1.38,-1.08,-0.25,10,9.1,5.05,210,290,15,15.7,-60,TRUE
-1.15,-0.04,-0.93,-0.37,-1.53,-0.66,10,6.15,8.55,240,170,15,5.25,70,FALSE
4.13,2.89,2.64,2.23,2.25,0.76,0,0.3,0.66,-1,11,4,1,9,TRUE
3.28,2.23,3.02,3.29,3.26,1.38,1,0.64,0.63,4,24,0,1.01,-16,TRUE
5.72,3.07,2.39,2.74,2.53,0.79,1,0.46,0.39,17,68,4,1.74,9,FALSE
4.2,2.06,3.63,3.29,2.33,0.26,1,1.03,0.54,11,22,4,0.84,10,TRUE
2.64,2.3,3.01,2.24,6.77,1.88,1,0.93,0.54,39,38,3,1.7,0,FALSE
5.17,4.68,2.32,3.01,5.07,3.09,1,0.57,0.92,35,9,2,1.38,-17,FALSE
3.19,2.6,3.78,4.68,3.33,0.3,1,0.82,0.61,20,5,4,1.94,9,TRUE
2.51,2.99,2.19,2.67,2.59,0.92,0,0.66,0.9,39,3,2,0.08,12,TRUE
-1.21,-1.83,-0.02,-1.01,-2.08,1.23,10,6.5,9.45,145,220,5,9.4,-65,FALSE
6.61,2.5,3.53,3,3.61,0.67,1,0.56,0.94,23,32,2,1.39,-19,TRUE
1.27,5.39,-0.63,-0.14,-1.43,0.89,10,6.6,6.3,200,330,15,12.75,-85,FALSE
-1.19,-1.46,-0.28,-0.71,-1.48,1.06,10,7.6,7.45,195,350,15,5.55,105,FALSE
3.53,2.89,3.99,2.85,3.02,1.65,1,0.96,0.6,43,16,2,0.62,5,FALSE
1.46,-0.27,1.87,-0.69,-0.86,-1.29,10,4.85,6.3,95,55,25,9.65,95,FALSE
-2.52,-0.91,-2.49,-2.43,-1.77,2.27,10,7.4,7.45,45,375,15,10.3,-65,FALSE
2.15,2.45,2.66,2.22,3.17,1.49,1,0.62,0.85,7,9,0,0.54,-18,TRUE
5.99,2.6,2.99,3.03,5.79,1.87,1,0.07,0.16,7,9,4,1.6,16,TRUE
2.69,3.75,2.56,3.29,2.65,3.08,1,0.13,0.4,8,4,2,1.68,-10,FALSE
4.38,3.4,2.66,3.03,5.96,0.55,1,0.99,0.35,42,1,2,0.84,-4,FALSE
3.03,3.19,3.95,2.91,2.95,0.87,1,0.2,0.69,11,32,2,1.9,-17,FALSE
-1.11,-1.83,-1.5,-1.19,-1.04,1.47,10,7.25,6.6,150,80,5,13.25,-45,TRUE
-2.5,-0.38,-2.34,0.28,1.09,1.29,10,8.55,5.65,165,170,5,7,-40,FALSE
-1.58,-1.4,-0.76,-1.68,1.51,2.06,10,6.95,6.25,180,340,5,8,-30,FALSE
3.27,5.62,2.92,3.42,2.87,3.49,1,0.67,0.2,28,12,2,0.97,8,FALSE
2.43,-1.53,1.21,-1.8,-1.1,2.42,10,5.4,9.4,145,190,5,8.2,-40,FALSE
2.1,2.81,3.31,2.61,2.35,1.15,1,0.89,0.99,8,58,2,1.14,7,TRUE
-0.08,-2.86,-2.21,-2.78,-2.25,-0.47,10,9.25,5.3,105,35,5,5.8,0,TRUE
4.5,2.6,7.33,3.92,2.67,1.43,1,0.62,0.56,43,4,0,1.84,-4,FALSE
2.39,2.34,2.46,3.38,2.43,0.77,1,0.87,0.2,38,2,4,1.06,18,TRUE
-1.52,-2.18,0.66,-2.73,-2.55,1,10,6.85,8.4,35,85,5,6.85,-45,TRUE
1.02,-0.75,-1.1,-1.14,1.53,0.18,10,5.65,7.95,230,285,25,14.65,30,FALSE
-2.89,-0.93,-2.51,-2.72,0.67,3.69,10,9.65,5.05,115,205,5,10.75,-10,TRUE
-1.28,0.02,-0.64,-0.55,-0.68,0.37,10,5.55,5.05,-5,110,5,8.3,0,FALSE
-2.06,-0.79,-1.7,-1.52,-1.65,1.54,10,6.35,6.8,55,70,5,7.2,-50,FALSE
3.09,8.48,2.44,2.69,2.27,1.18,1,0.94,0.44,11,41,2,0.84,14,TRUE
3.31,3.55,2.53,3.17,3.02,0.89,1,0.5,0.41,17,0,1,1.23,-5,FALSE
-0.56,-0.67,0.21,-0.56,-0.33,-1.07,10,5.95,5.5,140,90,15,10.25,65,FALSE
5.39,3.29,2.8,2.59,4.67,0.9,1,0.31,0.47,37,3,2,1.68,10,TRUE
-1.66,0.45,-0.41,-2.24,-0.76,0.72,10,6.3,9.25,200,55,5,6.95,-50,FALSE
5.71,5.38,3.72,3.2,4.18,1.01,1,0.93,0.85,6,13,4,1.17,10,TRUE
3,3.52,3.38,3.15,3.08,0.56,1,0.28,1.07,31,7,4,0.63,13,TRUE
3.42,3.41,3.67,2.76,3.88,0.5,1,0.46,0.46,21,43,2,1.67,13,FALSE
-1.61,-1.06,-0.91,-0.86,-0.04,2.7,10,5.7,8.8,220,205,25,6.2,25,FALSE
2.64,3.34,2.34,2.74,5.99,0.8,1,0.82,0.17,22,3,4,0.79,12,TRUE
4.82,2.66,3.33,4.48,3.61,3.4,1,0.17,0.9,17,11,3,1.09,0,FALSE
2.81,3.63,3.02,2.6,3.36,0.79,1,0.63,0.54,30,62,4,1.26,12,FALSE
-1.19,-0.74,0.77,-0.86,0.07,0.34,10,6.3,5.55,145,20,5,6.4,-85,FALSE
3.87,2.56,5,3.59,6.25,1.09,1,0.74,0.86,24,3,0,0.66,-5,TRUE
-2.76,-2.81,-2.91,-2.51,-2.99,1.41,10,8.75,5.6,5,370,15,8.65,65,TRUE
3.22,2.68,2.7,2.31,3.07,1.15,1,0.8,0.38,25,34,2,1.02,7,FALSE
-1.71,-0.48,-1.85,0.09,-0.7,-0.45,10,6.15,7.75,160,35,15,8.7,40,FALSE
2.35,2.53,3.58,4.68,2.85,1.12,1,0.73,0.65,16,65,2,1.06,-7,TRUE
2.41,2.58,2.48,4.45,3.25,0.57,1,0.97,0.95,22,14,2,1.66,16,TRUE
-0.32,0.36,1.61,-0.36,0.29,0.24,10,5.3,6.7,170,115,15,7.8,30,FALSE
-2.26,-2.1,-2.2,-0.18,-2.26,1.3,10,9.2,5.45,215,165,5,8.1,-60,FALSE
4.27,3.96,3.9,2.93,2.76,2.26,1,0.47,0.91,25,15,0,1.01,-7,FALSE
3.36,3.29,2.6,2.91,3.62,0.8,1,0.08,0.91,39,2,4,0.69,11,FALSE
-2.92,-2.86,-2.72,-1.23,-2.25,2.51,10,9.7,7.3,155,200,5,7.1,-105,FALSE
-0.65,-1.3,-0.6,-1.96,-2.32,2,10,7.9,6.45,85,195,5,10.4,-35,TRUE
-1.67,-1.83,-1.88,-0.84,-1.74,-0.08,10,8.05,5.1,85,15,15,5.05,0,TRUE
-1.86,0.39,-1.94,1.73,0.1,-1.07,10,7,5.6,105,285,25,14,95,FALSE
-2.44,-2.53,-2.44,-0.5,-1.55,0.79,10,6.25,9,110,150,15,8.65,-50,TRUE
2.63,4.89,4.51,4.07,2.55,0.81,1,0.36,1,0,4,2,0.18,1,TRUE
-0.67,4.92,-1.58,0.14,-0.12,1.13,10,5.65,9.2,215,265,5,5.35,-65,FALSE
-1.14,-0.76,0.24,-2.45,-1.26,2.24,10,7.05,8.05,20,190,15,5.15,-45,TRUE
2.76,2.46,2.45,2.18,3.79,0.86,1,0.9,0.84,11,66,0,1.34,-14,TRUE
-1.77,-1.31,-2.42,-2.38,-1.64,1.96,10,7.95,7.05,210,310,5,11.9,-60,FALSE
3.29,2.03,2.45,2.16,3.11,1.94,1,0.98,0.62,5,16,0,1.17,-14,TRUE
-1.61,-1.13,-2.01,-1.74,1.51,0.22,10,7.8,7.05,220,200,15,10.1,-20,TRUE
2.51,2.6,2.87,4.04,2.56,2.06,1,0.63,0.02,6,70,4,1.76,15,FALSE
-0.42,0.16,0.45,0.24,0.01,-0.44,10,5.15,5.05,110,15,25,6.15,60,FALSE
1.16,0.68,-0.94,0,-0.34,0,10,5.65,6.5,125,90,15,6,-15,FALSE
-2.13,-2.19,-1.24,-0.77,-2.43,-0.36,10,8.6,5.75,160,60,15,5.85,-55,TRUE
-0.29,-1.22,-1.34,-0.71,-1.53,1.72,10,6.15,5.75,80,145,15,5.35,50,FALSE
2.3,2.96,2.22,4.02,4.18,2.35,1,0.95,0.5,19,30,4,1.69,17,TRUE
2.77,6.86,5,3.88,3.7,4.17,1,0.61,0.69,24,6,0,1.04,-16,FALSE
-1.69,1.76,-0.25,-1.76,-0.47,-0.58,10,5.95,8.95,70,95,15,5.8,-5,TRUE
3.02,3.09,4.03,2.55,3.96,0.6,1,0.91,0.78,43,15,2,1.52,-8,TRUE
2.33,-2.18,-2.28,-2.12,-0.65,1.06,10,6.7,6.75,70,185,5,8.75,-30,FALSE
0.46,-2.52,-2.45,-0.77,-2.48,0.99,10,8.75,6.45,190,220,15,12.6,-70,TRUE
0.31,-0.37,-1.63,0.32,-1.25,-0.27,10,7.2,6.15,215,50,15,6.25,-70,FALSE
2.75,4.49,3.07,3.48,2.66,1.6,1,0.78,0.14,4,6,2,1.78,-18,FALSE
-0.98,-0.94,-0.14,0.51,0.76,1.22,10,5.85,5.55,90,350,5,8.2,-80,FALSE
3.41,4.04,3.93,2.59,2.64,0.58,1,0.73,0.01,10,3,2,1.28,-14,FALSE
2.39,3.46,2.8,2.31,2.25,0.64,1,0.83,0.59,-1,12,2,1.26,-19,TRUE
2.8,4.29,2.39,3.28,4.11,1.21,1,0.52,0.53,-1,42,4,1.89,11,TRUE
2.68,3.24,3.64,3.89,2.96,1.11,1,0.17,0.88,1,71,4,2.08,10,FALSE
-1.47,0.55,-1.54,-1.98,-0.98,0.71,10,5.85,9.3,150,120,15,5.05,-60,FALSE
-1.42,2.47,-1.36,-1.42,-1.02,2.48,10,7.1,6.15,115,165,15,12.15,-75,TRUE
2.3,3.23,3.56,4.19,2.33,2.51,1,0.6,0.98,14,3,2,0.76,11,TRUE
-1.36,-1.56,0.86,0.09,-1.75,-0.77,10,6.25,6.3,115,100,15,13.6,-65,FALSE
-1.15,-1.3,-0.85,1.32,1.71,1.22,10,5.3,8.6,220,215,15,11.4,0,FALSE
3,2.38,4.66,4.25,3.25,0.96,0,0.26,0.78,10,7,4,0.96,19,TRUE
2.41,7.73,4.79,3.34,2.8,0.9,1,0.33,0.61,3,22,2,1.17,19,FALSE
3.43,3.67,4.03,3.02,3.29,3.58,1,0.75,0.35,30,2,4,0.01,6,FALSE
4.29,2.22,3.96,4.85,3,0.42,1,0.77,0.52,8,60,4,1.85,3,TRUE
-2.85,1.59,-2.58,-2.47,-2.86,1.11,10,7.2,8.85,25,135,5,5.2,-55,TRUE
-0.61,-1.24,-0.4,-1.08,-1.15,1.51,10,5.05,6.1,45,95,15,10.2,-55,FALSE
4.13,2.74,2.66,2.52,3.33,0.76,1,0.9,0.67,37,42,2,0.49,13,TRUE
-1.1,0.69,-0.6,-0.36,-1.18,0.43,10,5.95,5.65,115,240,5,11.5,-55,FALSE
3.49,2.49,2.95,2.49,2.79,0.74,1,0.36,0.46,25,19,2,1.5,-7,FALSE
6.75,2.5,2.58,3.12,2.86,1.56,1,0.54,0.68,29,6,2,1.28,1,FALSE
-2.41,-0.87,-2.86,-1.34,-1.62,1.4,10,9.9,6.55,155,215,15,8.25,-10,TRUE
6.24,3.16,3.02,4.35,3.31,0.69,1,0.92,0.43,21,78,4,1.65,1,TRUE
0.09,2.61,0.57,1.5,-0.49,-0.85,10,4.85,7.1,190,165,15,7.45,70,FALSE
5.29,3.47,4.91,3.7,3.18,0.98,1,0.46,0.52,40,19,2,1.8,1,FALSE
-2.14,-1.13,-2.18,-2.37,0.6,0.79,10,7,8.55,185,210,15,6.7,70,TRUE
2.21,3.06,2.66,3.12,2.58,1.64,1,0.86,0.87,45,51,4,1.52,10,TRUE
-2.9,-2.68,-2.26,-2.87,-2.64,1.32,10,9.1,7.45,200,330,5,12.85,-25,TRUE
3.3,5.32,3.19,2.61,3.16,4.34,1,0.46,0.31,5,37,2,1.7,11,FALSE
-0.41,-3.17,-2.98,-1.82,-3.21,2.52,10,8.7,9,100,350,15,8.55,-5,TRUE
2.78,2.48,5.96,5.41,2.34,1.34,1,0.87,0.93,27,5,2,1.46,-11,TRUE
-2.11,-1.87,-0.39,-1.01,0,0.35,10,6.55,7.1,100,10,15,9.2,-65,TRUE
1.39,-2.19,-1.39,-2.51,-2.46,-0.82,10,8.2,6.1,55,125,15,5.15,60,TRUE
2.55,2.66,3.44,4.23,2.87,0.27,1,0.68,0.86,13,2,2,0.61,19,TRUE
2.64,4.87,5.73,3.65,3.13,1.34,1,0.55,0.57,3,30,2,1.17,-17,TRUE
2.26,3.29,2.39,2.22,2.86,3.75,1,0.96,0.03,6,40,4,0.26,12,TRUE
2.56,2.44,3.11,2.66,2.52,2.68,1,0.67,0.7,22,7,0,0.5,-2,TRUE
4.07,2.22,3.08,3.31,6.42,1.19,1,0.88,0.55,20,16,4,1,3,TRUE
3.15,3.8,3.04,2.28,2.88,1.46,1,0.78,0.64,16,42,2,0.04,12,TRUE
-1.12,-0.74,-0.46,-1,-1.1,0.5,10,5.95,5.8,140,85,5,6.35,-45,FALSE
7.57,3.85,3.7,2.51,3.23,2.09,1,0.61,0.75,6,15,2,0.19,-18,TRUE
-0.69,-0.34,-0.87,-1.05,-1.14,-0.82,10,5.65,6.8,120,80,10,10.25,5,FALSE
2.17,2.2,3.13,3.8,2.27,0.85,1,1.03,0.67,33,29,2,0.42,-7,TRUE
-2.18,-2.12,-0.91,-2.47,-2.52,2.06,10,7.25,7.25,100,220,5,7.35,-80,FALSE
-1.98,-2.01,0.55,-0.13,0.77,-0.01,10,8.8,6.1,215,200,5,13.6,-55,TRUE
2.54,3.61,2.87,3.13,4.7,0.71,1,0.05,0.96,33,35,4,1.79,18,TRUE
-0.69,-0.46,0.62,0.4,1.32,0.81,10,6.4,5.7,240,375,25,8.65,20,FALSE
-0.19,-2.35,-2.47,-2.49,-1.35,-0.4,10,6.25,8.85,75,210,15,12.9,-75,TRUE
-2.27,-2.2,-2.33,-0.99,-1.56,2.27,10,6.65,9.6,125,250,15,7.55,-35,TRUE
3.76,2.6,2.69,3.48,3.78,2.67,1,0.2,0.89,26,20,2,0.98,8,FALSE
0.69,-1.53,-0.96,0.25,-0.69,0.71,10,5.4,7.4,115,25,15,6.95,-50,FALSE
-2.25,-0.83,-0.4,-1.76,-1.55,0.33,10,6.15,9.9,160,235,15,5.95,65,TRUE
-0.63,-1.67,-1.3,-1.95,-1.1,0.81,10,5.5,10.05,185,300,15,6.8,-30,FALSE
2.77,5.1,2.36,6.35,5.09,0.96,1,0.59,0.69,31,26,2,0.64,12,FALSE
3.03,2.41,4.79,2.76,2.66,0.46,1,0.61,0.33,28,28,4,1.73,15,TRUE
-1.29,-2.61,1.22,-2.31,-1.55,1.35,10,6.9,9.75,160,150,5,12.1,-90,TRUE
3.31,2.38,2.71,3.42,3.18,0.72,1,0.37,1,9,5,4,1.92,2,TRUE
-0.96,-1.45,-1.31,-0.78,2.17,0.51,10,6.8,7.95,230,45,5,11.45,-55,FALSE
-2.22,-2.59,-2.49,-0.66,-0.67,1.66,10,6.65,8.65,20,385,5,8.9,-75,FALSE
3.55,2.99,2.55,2.49,2.53,1.93,1,0.8,0.12,15,47,2,1.84,-2,FALSE
3.99,3.5,2.89,3.08,7.52,0.17,1,0.61,0.78,41,13,2,1.94,10,TRUE
-2.24,-1.84,-2.69,-2.14,-2.66,-0.26,10,7.75,6.65,45,190,25,8.35,10,TRUE
-2.58,-2.07,-2.38,-0.24,0.84,-0.7,10,8.1,5.1,45,150,15,10.5,-35,TRUE
0.1,1.13,4.5,0.88,-0.84,0.35,10,5.5,5.35,40,95,15,10.45,30,FALSE
-1.52,-1.86,-1.04,0.07,-1.84,-0.37,10,5.15,7.45,35,100,25,7.8,30,FALSE
-2.27,0.28,-3.09,-2.49,-0.94,0.06,10,9.2,7.2,105,250,15,6.05,70,TRUE
4.06,2.33,3.41,3,2.43,1.31,1,0.93,0.85,28,52,2,0.43,2,TRUE
2.59,3.11,3.08,3.5,3.61,2.27,1,0.82,0.26,32,9,0,1.13,-6,FALSE
2.18,2.47,2.71,2.53,2.88,3.27,1,0.76,0.69,18,12,2,2.08,1,TRUE
4.9,3.55,2.66,4.57,5.75,0.57,1,0.64,0.26,43,1,2,1.68,1,FALSE
2.83,4.41,2.74,3.47,4.88,0.58,1,0.68,0.8,16,20,0,1.7,-19,TRUE
-1.23,-0.16,0.33,-1.1,-0.99,-0.03,10,5.35,7.3,85,280,5,14.75,-50,FALSE
-2.94,-2.19,-3.02,-1.78,-2.39,2.77,10,9.65,7,35,330,5,6,-60,FALSE
3.65,2.61,3.69,2.78,3.3,0.42,1,0.54,0.09,32,48,4,1.36,15,FALSE
-0.98,0.72,0.91,0.48,-1.34,1.14,10,7.65,5.45,230,360,15,6.25,-20,FALSE
4.44,4.34,2.91,2.73,2.26,0.98,1,0.72,0.95,33,40,0,1.78,-18,TRUE
-2.43,-1.28,-1.85,-2.16,-1.39,0.4,10,9.2,5.55,230,265,15,6.65,55,TRUE
3.02,3.91,6.27,2.77,3.52,1.32,1,0.02,0.59,34,8,4,1.43,16,TRUE
4.61,3.51,4.03,3.53,2.77,0.2,1,0.57,0.33,43,12,2,1.6,15,FALSE
-0.26,-0.59,-0.12,-0.1,0.63,0.9,10,5.2,7.05,190,310,15,10.2,-60,FALSE
3.08,3.69,2.6,3.49,3.11,0.72,1,0.31,0.51,13,10,2,1.38,8,FALSE
-0.94,0.5,-0.53,-0.03,-0.69,-1,10,6.05,5.5,160,300,15,14.2,55,FALSE
2.54,2.86,9.04,2.74,3.5,0.57,1,0.89,0.23,34,5,2,0.96,-18,FALSE
-0.57,-1.25,-2.22,-1.17,-1.36,-0.92,10,6.65,8.75,215,210,25,7.9,80,TRUE
3.64,4.32,3.47,3.38,4,0.63,1,0.61,0.78,6,10,2,0.71,-9,TRUE
6.33,3.11,2.43,2.51,2.34,0.07,1,0.87,0.37,37,9,2,1.94,9,TRUE
-1.89,-2.52,-2.58,-2.39,-2.83,-0.66,10,7.95,6.65,40,370,25,8.65,90,TRUE
2.26,2.77,3.14,2.45,3.19,0.57,1,0.58,1,13,27,2,0.34,10,TRUE
-2.26,-2.33,-2.49,-2.87,-2.83,2.04,10,9.05,6.75,160,315,10,6.55,5,FALSE
4.15,4.03,3.62,2.91,2.8,1.96,1,0.31,0.94,30,9,2,1.59,17,TRUE
-1.78,-1.38,0.11,-1.06,-1.71,3.12,10,6.35,8.25,190,315,25,8.15,65,FALSE
-2.62,-2.49,-2.37,-1.2,-2.68,0.27,10,8.7,6.15,130,295,15,9.7,-30,TRUE
-0.81,-1.08,-0.55,-0.89,-1.08,2.28,10,5.5,7.55,210,45,15,5.3,-95,FALSE
-0.93,-0.62,-1.3,-0.83,0.83,0.7,10,7.35,6,230,200,15,7.3,-85,FALSE
5.13,3.19,2.62,2.34,2.78,1.55,1,0.48,0.7,20,10,2,0.91,-8,FALSE
-1.44,-0.62,0.72,0.16,0.46,-0.73,10,6.45,5.65,130,5,0,14.6,-10,FALSE
3.77,4.71,3.03,2.58,2.93,1.19,1,0.07,0.83,24,23,4,1.72,14,TRUE
2.51,2.6,2.59,3.37,2.16,0.84,1,0.73,0.93,26,65,2,1.49,-8,TRUE
-2.06,-2.01,-0.67,-1.94,-0.48,1.11,10,5.75,9.65,180,45,5,10.85,0,TRUE
3.02,3.42,2.37,3.02,2.49,0.6,0,0.11,0.62,19,20,2,0.54,19,FALSE
0.72,-2.1,-2.08,-1.68,-1.98,0.17,10,6.6,6.65,75,55,25,6.2,30,FALSE
-0.84,-1.6,-1.53,3.1,-0.05,-0.46,10,5.05,7.2,20,70,5,8.75,-35,FALSE
2.41,3.04,3.17,2.45,3.45,1.12,1,0.86,0.43,7,18,2,1.99,6,TRUE
-1.15,-0.74,-1.94,0.55,0.8,1.31,10,7.25,8,170,330,15,13.7,-80,FALSE
2.68,2.77,6.86,2.58,7.02,2,1,0.19,0.91,20,17,2,1.58,6,FALSE
-0.57,-0.89,-0.76,1.35,-1.48,1.38,10,5,8.3,110,190,5,11.05,-85,FALSE
2.68,3.73,2.85,4.98,2.51,3.4,1,0.73,0.4,14,23,2,1.83,-17,FALSE
2.45,4.76,3.42,4.05,3.19,0.89,1,0.67,0.86,30,16,4,0.97,2,TRUE
2.73,4.82,2.88,2.9,7.78,0.48,1,0.86,0.04,37,36,2,1.49,17,FALSE
-1.5,-2.32,-2.21,-2.94,-2.79,2.89,10,8.55,6.4,45,350,15,7.2,-90,FALSE
2.74,2.54,2.55,2.63,3,0.26,1,0.68,0.08,39,7,4,0.31,12,FALSE
3.48,3.24,4.62,3.95,4.83,1.39,1,0.22,0.02,11,3,2,1.26,15,FALSE
-1.03,-1.33,-0.65,-0.87,-1.48,-0.8,10,4.95,9.85,225,45,15,6.8,55,FALSE
-1.28,-2.06,0.13,-1.52,-1.98,-0.42,10,6.35,7.75,65,300,15,7.5,80,TRUE
3.55,3.44,2.95,3.28,3.15,0.55,0,0.62,0.1,28,16,4,0.38,20,TRUE
5.49,2.25,3.16,5.11,4.11,1.34,1,0.81,0.8,25,14,2,1.96,-7,TRUE
2.35,3.63,4.76,6.25,3.14,2.47,1,0.44,0.79,-3,70,2,1.69,16,TRUE
3.18,6.32,4.62,3.36,2.76,1.12,1,0.36,0.18,3,1,2,1.28,-8,FALSE
-0.27,-0.29,0.44,-0.88,0.42,3.16,10,5.35,7.6,180,335,5,5.65,-20,FALSE
2.64,4.21,4.48,2.39,3.61,1.2,1,0.7,0.01,22,2,4,0.11,11,FALSE
-0.77,1.74,-0.41,-0.82,-1.07,-0.66,10,4.8,7.3,80,220,25,11.6,35,FALSE
0.38,-1.41,-1.29,-1.58,-1.61,-0.65,10,6.5,6.5,145,30,15,9.55,-35,FALSE
4.47,2.33,3.61,2.54,4.24,1.91,1,1.03,0.25,6,26,2,1.19,9,TRUE
4.01,3.48,3.08,2.64,3.75,1.03,1,0.93,1.01,43,37,0,1.53,-19,TRUE
6.81,2.17,4.37,7.41,4.8,0.85,1,1.03,0.42,13,25,4,0.23,17,TRUE
2.44,5.96,3.67,3.12,2.26,0.53,1,1.06,0.23,3,7,2,0.36,8,TRUE
2.58,2.43,2.29,2.89,3.29,1.8,1,0.56,0.71,19,17,2,1.63,-18,FALSE
1.51,-0.74,-0.4,-0.12,-0.19,1.05,10,5.15,5.3,60,30,25,7.85,55,FALSE
-1.86,-0.42,-1.14,-1.48,-1.97,-0.07,10,7.1,6.75,85,65,5,8.5,-55,TRUE
3.12,4.51,3.82,4.88,3.48,0.92,1,0.18,0.94,38,7,4,1.69,16,TRUE
-0.92,-2.39,-2.21,2.37,-2.09,1.58,10,5.85,7.7,20,165,15,5.95,-95,FALSE
-0.58,-2.5,-2.5,-1.45,-2.05,1.83,10,5.6,9.25,60,365,15,9.85,-60,FALSE
-1.34,-2.54,-1.31,-1.76,0.85,0.06,5,7.15,5.2,110,250,25,7.9,15,TRUE
2.9,2.4,3.68,2.63,3.95,0.58,1,0.45,0.71,32,4,2,0.35,17,FALSE
-1.28,-2.1,-0.75,-0.72,2.2,-0.22,10,7.1,8.55,220,130,15,6.1,10,TRUE
2.43,4.9,3.32,3.93,3.13,0.61,1,0.86,0.12,21,5,2,0.2,5,FALSE
-1.84,-2.2,-1.91,0.21,-0.4,1.22,10,8.15,6.4,35,235,5,7.95,-80,FALSE
-2.13,0.36,-2.41,-1.44,-1.97,1.19,10,9.1,5.55,110,230,5,7.4,-10,TRUE
4.65,3.16,2.2,3.06,2.59,2.04,1,1.02,0.36,20,6,2,2.01,6,TRUE
3.35,4.01,4.01,2.76,2.37,0.68,1,0.46,0.88,28,8,2,1.51,8,TRUE
3.42,2.29,2.4,2.35,2.9,0.79,1,0.87,0.67,18,75,2,0.77,16,TRUE
0.31,-0.91,1.75,-1.29,-1.35,2.99,10,6.35,5.75,135,360,15,6.9,40,FALSE
2.51,3,2.93,3.59,2.79,4.53,1,0.85,0.37,37,22,0,0.97,-8,TRUE
-2.69,-1.89,-1.76,-2.55,-1.27,0.72,10,6.7,9.55,100,145,15,10.3,-80,TRUE
-2.78,-0.91,-2.54,-1.96,-0.75,0.14,10,9.4,5.05,130,185,15,10.95,-90,TRUE
2.31,3.21,2.7,3.46,2.37,1.79,1,0.8,0.54,25,8,2,1.71,-11,TRUE
5.47,6.05,4.2,3.49,3.81,3.92,1,0.49,0.32,25,14,0,1.92,-10,FALSE
-2.45,1.77,-0.47,-1.68,-0.45,1.7,10,7.4,8.85,210,345,5,8.3,-55,FALSE
2.46,3.24,3.25,3.09,5.04,0.04,1,0.35,0.42,22,0,1,1.62,18,TRUE
4.65,2.74,2.73,3.42,2.41,0.26,1,0.65,0.48,6,9,4,1.16,9,TRUE
-0.48,0.99,-0.7,-0.35,-0.27,-0.3,10,5.75,6.2,210,110,25,8.8,75,FALSE
3.66,2.96,3.14,2.67,2.82,0.73,1,0.39,0.78,41,29,4,0.81,1,FALSE
1.94,1.25,0.22,0.48,4.14,1.67,10,4.85,5.6,180,140,15,6.8,-70,FALSE
-1.33,-0.1,-1.35,-1.3,-1.84,2.04,10,6.15,9.45,225,330,5,11.1,-75,FALSE
3.68,3.01,2.27,2.36,4.82,2.93,1,0.78,0.33,5,75,4,1.8,11,TRUE
3.83,3.67,2.53,2.31,5.49,0.31,1,0.93,0.53,18,18,4,0.42,19,TRUE
1.14,-0.34,0.17,3.02,0.26,-1.04,10,4.85,6.65,145,200,25,11.15,10,FALSE
-1.69,-1.77,-2.68,-2.2,-2.5,0.04,10,7.15,7.5,75,245,15,7.4,15,TRUE
-2.51,-2,-2.44,-1.49,-2.38,5.31,10,7.05,9.45,230,340,5,13.15,-25,FALSE
3.81,4.33,2.95,2.63,4.02,4.35,1,0.77,0.87,10,43,3,0.52,0,TRUE
3.09,2.92,2.88,7.25,3.09,0.95,1,0.54,0.41,45,6,2,1.3,-5,FALSE
2.87,2.56,6.47,3.92,2.65,0.43,1,0.68,0.05,11,21,4,0.58,11,FALSE
2.61,6.55,4.88,2.46,4.54,0.64,1,0.65,0.95,35,18,2,1.06,-3,FALSE
-0.43,-0.38,-0.87,0.98,-1.07,1.03,10,5.25,6.7,135,60,25,7.75,75,FALSE
-2.07,-1.5,-2.02,-1.6,-1.01,1.48,10,9,6.7,225,275,5,10.5,-30,FALSE
-1.75,-1.72,-0.43,-1.4,4.51,0.51,10,5.45,9.3,55,295,25,5.9,70,TRUE
0.49,0.12,1.89,5.57,0.53,0.11,10,5.35,5.05,155,170,15,7.75,100,FALSE
4.07,3.79,3.13,2.74,3.09,1.83,1,0.56,0.43,6,23,4,1,16,TRUE
-1.78,-2.06,-1.68,-1.23,-1.78,0.18,10,8.25,5.95,185,75,5,8.5,-70,FALSE
2.27,2.31,2.57,2.1,2.15,1.2,1,0.99,0.76,28,42,4,0.94,10,TRUE
2.87,2.95,2.58,2.87,4.79,0.33,1,0.27,0.08,11,13,4,1.14,13,FALSE
4.85,4.88,6.19,2.47,3.48,0.93,1,0.93,0.82,39,21,2,1.35,6,TRUE
2.63,4.93,4.59,2.73,5.73,0.8,1,0.36,0.32,20,24,2,1.42,1,FALSE
-2.11,-1.89,-1.73,-2.7,-0.78,0.79,10,8.2,7.45,140,135,15,6.1,-60,TRUE
2.35,3.68,2.6,3.76,3.11,0.72,1,0.99,0.39,24,60,4,1.88,1,TRUE
3.03,2.67,2.67,3.32,2.46,1.77,1,0.7,0.05,27,26,2,1.34,10,FALSE
-0.87,-1.8,-0.54,-2.14,-1.77,-0.33,10,6.15,8.05,90,120,15,8.8,55,TRUE
2.93,2.07,2.22,3.35,2.42,3.16,0,1.04,0.13,14,23,2,0.18,18,TRUE
-1.42,-1.42,-0.89,-1.38,-1.31,3.62,10,5.15,9.4,230,55,15,9.75,-65,FALSE
2.1,7.11,2.46,2.77,2.22,0.97,1,0.86,0.73,9,6,0,0.93,-3,TRUE
-2.63,-2.48,-0.58,-2,-2.25,3.07,10,7.1,8,115,215,15,8.05,40,TRUE
-2.23,-0.64,-2.61,-0.78,-2.48,2.82,10,7.8,7.25,35,330,5,6.2,-10,FALSE
2.5,3.22,5.59,2.83,3.57,0.79,1,0.41,0.76,15,18,2,1.91,6,TRUE
2.26,2.29,3.32,3.1,2.25,1.41,1,0.64,0.75,22,19,2,1.88,-5,TRUE
-0.2,-1.72,-1.88,1.54,-1.8,-0.55,10,8,6.1,50,240,25,7.8,35,TRUE
-1.61,-1.74,-1.32,-0.83,-1.22,1.49,10,5.2,7.3,65,90,5,6.55,-20,FALSE
2.82,2.78,4.65,4.94,3.53,0.86,1,0.18,0.74,36,4,0,1.68,-12,FALSE
2.5,2.68,2.87,2.5,2.52,2.11,1,0.5,0.25,25,27,4,1.51,11,FALSE
-0.19,1.47,-2.34,0.62,-1.71,-0.32,5,5.9,5.7,55,195,15,5.35,95,TRUE
-1.44,-2.53,-0.44,-2.32,-2.45,0.94,10,6.7,7.7,45,225,15,10.15,85,TRUE
6.7,2.27,2.2,3.55,4.48,2.02,1,0.73,0.53,4,59,0,1.54,-13,TRUE
3.47,3.19,3.54,2.39,2.36,1.81,1,0.67,0.35,26,7,2,0.78,-15,FALSE
-1.52,0.09,0.23,-0.29,-1.39,1.12,10,6.6,5.05,110,215,15,12.4,-75,FALSE
-0.15,-1.68,-1.53,-0.63,-2.13,-0.45,10,6.05,8.15,130,270,25,9.9,50,TRUE
-2.04,-3.07,-2.28,-0.04,-2.43,1.57,10,8.9,6.25,35,360,5,12.75,-10,TRUE
-0.44,0.7,2.04,0.2,-0.62,3.26,10,5.25,7.05,185,205,5,7.25,-45,FALSE
2.18,4.47,4.73,3.09,3.94,0.9,1,1.08,0.29,22,20,2,0.9,-9,TRUE
3.92,5.21,2.39,2.36,3.16,1.76,1,0.64,0.93,34,22,0,1.05,-3,TRUE
-2.25,1.18,-1,-1.55,0.16,1.46,10,6.7,9.9,150,215,5,10.95,-35,TRUE
2.89,2.69,8.85,3.26,5.53,1.98,1,0.59,0.79,38,38,2,1.46,-20,TRUE
-1.06,-0.92,-0.29,-1.34,-1.07,1.46,10,5.3,9.1,190,370,15,7.15,-15,FALSE
3.4,3.59,3.48,5.86,3.56,0.38,1,0.71,0.15,17,40,4,1.77,9,FALSE
-2.52,-2.08,-2.4,-1.54,-1.68,0.75,10,7.5,5.85,30,360,15,9.75,70,TRUE
4.8,4.13,4.56,2.6,2.3,1.24,1,0.86,0.16,9,22,2,0.65,17,FALSE
3.47,2.14,2.53,2.5,4.33,1.55,1,0.83,0.54,7,55,2,1.47,10,TRUE
-1.13,-1.44,-1.38,-0.64,0.78,-0.62,10,4.9,9.3,195,45,15,5.35,70,FALSE
-1.56,-0.96,0.54,-2.72,-2.65,-0.01,10,6.5,10.05,85,80,15,7.55,-40,TRUE
4.73,2.77,4.78,2.83,2.49,1.84,1,0.64,0.67,32,43,2,0.87,-1,FALSE
5.39,7.91,2.69,2.91,2.44,2.44,1,0.37,0.64,15,18,2,1.5,-9,FALSE
-1.05,1.04,-0.2,1.42,-0.54,-0.96,10,6.2,6.8,55,95,5,13.05,-25,TRUE
3.8,2.82,2.99,2.51,2.62,0.67,1,0.13,0.81,37,8,4,1.73,8,TRUE
2.37,2.74,2.17,3.48,6.82,0.54,1,0.81,0.83,12,18,2,1.76,1,TRUE
3.05,8.88,5.01,4.62,2.22,1.16,1,0.79,0.79,23,1,4,0.26,9,TRUE
1.04,-1.51,-0.65,-1.94,-0.37,0.21,10,5.9,8.4,115,95,15,7.65,-55,TRUE
1.23,0.99,-0.31,2.12,-0.78,0.16,10,7,7,225,160,15,10.15,-60,FALSE
0.6,-0.21,0.61,-1.72,-1.56,0.68,10,5.5,7.8,115,150,5,5.9,-15,FALSE
3.36,3.47,2.49,4.07,3.18,0.42,1,0.43,0.56,27,6,4,1.77,17,TRUE
-0.04,0.96,-1.27,-0.36,-0.97,0.44,10,6.1,7.15,200,240,25,11.25,90,FALSE
-1.2,-2.37,-1.73,-1.83,-1.09,0.55,10,6.65,6.55,30,325,15,13.25,75,TRUE
3.77,2.89,3.19,3.14,4.69,0.79,1,0.3,0.64,10,38,2,1.43,13,FALSE
-0.75,-1.9,-0.17,4.02,-2.36,0.09,10,6.95,6.8,25,80,5,13.6,-95,TRUE
-2.8,-2.07,-3.04,-0.63,-2.37,2.27,10,9.05,7.05,80,340,15,8.85,-45,TRUE
4.59,2.89,2.58,4.4,5.41,0.78,1,0.7,0.32,21,5,4,1.66,10,TRUE
-2.99,-3.12,-1.02,-0.59,-2.42,0.52,10,8.9,8.7,155,200,15,6.05,0,TRUE
0.99,-1.52,-1.36,-1.51,0.64,0.66,10,6.85,5.3,40,120,5,7.8,-70,FALSE
-1.59,-0.51,-0.22,-1.25,0.08,-0.28,10,5.55,7.25,95,280,15,10.8,20,FALSE
-2.88,1.82,-2.25,-3.11,-3.01,1.57,10,7.6,9.65,10,380,5,9.6,-50,FALSE
3.88,3.76,2.83,3.03,2.37,1.02,1,0.62,0.6,36,11,4,0.79,3,FALSE
-0.54,-1.52,0.58,-1.07,-0.45,-0.07,10,6.05,5.9,95,190,5,13.55,-80,FALSE
-1.52,-2.03,-2.03,-2.35,-1.01,-0.21,10,8,5.8,60,240,15,7.1,35,TRUE
3.01,-0.61,-0.72,-0.57,1.73,0.08,10,6.3,5.95,225,95,15,6.3,-65,FALSE
-1.86,1.31,-1.61,-1.63,-1.62,1.37,10,5.8,8.7,105,285,5,8.15,-70,FALSE
2.18,3.93,2.22,2.74,2.31,0.99,1,0.99,0.22,5,20,0,1.64,-7,TRUE
3.85,5.01,2.81,4.9,2.67,1.33,1,0.64,0.86,18,52,2,1.24,10,TRUE
2.58,2.62,4.09,3.83,2.34,1.62,1,0.34,0.76,0,5,2,0.63,-11,FALSE
3.88,3.5,2.23,3.56,2.41,1.19,1,0.88,0.8,6,14,3,0.61,0,TRUE
2.42,5.17,2.87,2.41,3.98,0.49,1,0.92,0.31,33,8,2,1.63,15,TRUE
0.51,-1.42,-0.37,-1.76,-1.81,2.57,10,6.1,8.6,220,50,15,9.6,-70,FALSE
-1.82,0.66,-0.01,-2.75,-2.75,3.32,10,8.65,8.7,235,270,5,8.4,-25,FALSE
2.39,3.24,2.33,3.2,2.61,1.05,1,0.56,0.64,24,3,0,0.54,-7,FALSE
-0.56,-1.16,-2.27,-2.58,-1.67,0.11,10,7.7,6.05,65,50,15,9.3,-55,TRUE
-0.13,-0.76,-0.86,-0.27,0.72,1.92,10,5.15,5.25,55,175,15,9.1,-85,FALSE
3.42,2.74,9.29,3.13,3.46,1.79,1,0.92,0.06,32,9,2,1.39,17,TRUE
4.05,4.34,5.12,3.88,2.63,0.84,1,0.82,0.95,29,26,2,0.28,20,TRUE
-2.26,-0.64,3.2,-0.39,-2.01,-0.48,10,6.35,9.75,190,330,15,10.65,80,TRUE
2.41,-1.03,-2.31,-2.43,-0.08,0.04,10,7.05,8.9,85,230,25,5.5,80,TRUE
0.05,-2.8,-2.34,-1.8,-1.46,0.9,10,9.45,6.25,10,305,15,6.1,-10,TRUE
8.25,2.66,2.33,2.68,3.86,1.93,1,0.51,0.39,5,15,4,0.58,17,TRUE
-2.23,-2.25,-0.37,0.14,-2,-0.46,10,6.55,9.4,215,225,25,8.9,55,TRUE
2.18,3.59,2.49,2.17,2.24,2.65,1,0.8,0.7,9,67,2,1.77,13,TRUE
2.83,2.98,3.56,2.2,2.51,1.23,1,0.66,0.58,5,19,2,0.24,-13,TRUE
-1.43,-0.68,1.13,0.52,-0.89,2.02,10,5.45,5.6,30,320,5,6.05,-65,FALSE
2.53,2.52,2.64,3.38,4.06,0.29,1,0.25,0.86,11,3,4,0.4,13,TRUE
4.71,2.67,3.54,2.41,4.05,2.14,1,0.74,0.75,39,36,2,0.72,-10,TRUE
-2.34,-2.63,-0.61,-2.29,-1.13,0.84,10,9,8.35,90,195,5,6.95,-5,TRUE
-2.78,-2.37,-1.34,-2.41,-2.66,3.65,10,7.55,6.9,15,125,15,6.45,-75,TRUE
-1.74,-0.71,-0.25,-0.95,-0.89,1.43,10,8.1,5.1,130,345,5,10.55,-90,FALSE
4.84,2.6,4.14,5.4,3.8,0.38,1,0.2,0.58,12,2,4,0.12,14,FALSE
-0.13,-0.43,-1.05,-0.78,-0.62,0.3,10,5.1,7.8,100,120,5,6.6,-30,FALSE
2.66,2.41,2.45,3.33,3.04,2.74,1,0.76,0.78,15,6,0,1.66,-15,TRUE
2.26,2.07,2.44,4.5,2.16,0.19,1,0.89,0.97,15,9,4,1.53,11,TRUE
-0.18,-0.24,0.39,0.79,3.16,0.39,10,6,6.1,205,140,15,13.5,45,FALSE
-0.29,-0.17,-0.48,3.63,-0.24,2.12,10,5.7,6.1,215,330,5,9.85,-90,FALSE
3.5,3.32,2.27,3.77,2.98,1.09,1,0.73,0.52,8,3,0,0.56,-2,TRUE
2.24,7.19,4.16,3.34,6.27,0.54,1,0.65,0.87,32,25,2,0.69,19,FALSE
1.23,-1.65,-1.56,3.22,-1.57,2.41,10,6.55,6.25,150,65,25,8.15,25,FALSE
2.97,4.35,3.12,3,3.43,2.29,1,0.73,0.39,38,27,2,1.87,-6,FALSE
2.93,3.15,3.15,2.7,3.34,0.76,1,0.78,0.05,15,54,2,1.4,3,FALSE
4.04,2.84,2.78,3.64,4.2,1.98,1,0.61,0.15,18,11,2,1.35,-2,FALSE
3.4,3.86,2.36,6.52,2.57,0.72,1,0.72,0.87,16,21,0,0.71,-13,TRUE
-0.52,-0.6,-0.21,-0.85,0.16,1.13,10,5.9,6,110,340,15,8.85,-60,FALSE
-2.34,-2.48,-1.78,-1.58,1.33,1.56,10,7.3,8.5,205,385,5,14.9,0,FALSE
7.21,4.08,3.56,3.6,2.59,0.97,1,0.92,0.02,11,22,2,1.27,-12,FALSE
-2.71,-2.19,0.27,-2.34,-2.35,1.28,10,8.4,7.6,145,345,5,8.85,-75,FALSE
9.63,4.46,2.65,3.12,2.4,2.22,1,0.61,0.2,16,11,4,0.03,1,FALSE
2.76,2.28,2.67,4.3,2.37,0.66,1,1.05,0.76,14,23,1,0.77,0,TRUE
-0.96,-2.2,0.47,-2.21,-2.32,1.88,10,8.7,8.3,190,170,5,5.75,-5,TRUE
-1.9,-2.05,-1.75,-1.75,-1.67,-0.87,10,7.9,6.2,210,240,25,9.3,100,FALSE
3.2,2.75,2.28,4.31,2.33,1.65,1,0.8,0.3,20,1,2,0.36,12,FALSE
3.16,2.81,2.93,3.86,5.42,0.79,1,0.82,0.6,10,5,2,0.7,-14,TRUE
2.44,3.4,5.9,2.96,2.44,0.51,1,0.62,0.59,8,5,2,1.84,-15,TRUE
-1.58,-1.61,-3.06,-3.36,-2.81,1.69,10,8.75,9.8,30,340,5,8.4,-65,TRUE
-0.6,0.27,-0.49,-0.28,-0.87,1.85,10,6,5.85,195,10,15,9.7,-100,FALSE
-0.02,-1.55,-1.28,-0.81,-1.57,0,10,6.6,6.6,190,100,15,13.65,-90,FALSE
-0.67,1.5,1.7,0.62,0.24,3.66,10,6,5.35,110,195,5,8.8,-65,FALSE
3.27,3.53,4.83,5.1,2.61,0.79,1,0.9,0.57,40,6,2,0.32,-4,FALSE
-1.19,-2.13,-1,-2.34,-2.13,1.46,10,7.05,7.55,160,340,15,7.95,-50,FALSE
-0.68,-0.64,1.76,-1.29,0.03,1.58,10,5,8.5,160,330,25,6.4,80,FALSE
3.66,-0.79,-0.07,-0.89,-1.51,2.8,10,5.6,6.25,75,120,5,10.45,-95,FALSE
-1.91,0,-2.21,-0.7,-0.13,1.94,10,5.45,8.6,40,225,5,6.2,-90,FALSE
3.27,4.95,2.23,4.82,2.86,1.34,1,0.84,0.37,19,1,0,1.11,-20,TRUE
-0.55,-0.58,0.23,1.79,-1.19,0.3,10,7.15,5.65,220,35,15,6.55,-65,FALSE
-1.32,-1.8,-0.81,-1.55,-0.94,1.38,10,7.5,6.45,220,135,5,9.3,-85,FALSE
-1,-1.86,-2.28,-2.42,-2,0.9,10,7.25,9.4,180,265,5,9.95,-10,TRUE
-1.77,0.44,-1.79,-1.14,0.54,-0.86,10,5.65,6.65,65,225,15,7.55,90,FALSE
-1.65,-0.65,-1.9,-1,-0.95,1.92,10,7.1,7.4,205,165,5,13.05,-5,TRUE
3.37,2.59,3.02,3.36,2.41,0.57,1,0.31,0.72,27,10,2,0.68,12,FALSE
2.8,2.55,4.07,3.22,3.26,0.98,1,0.86,0.84,36,12,0,0.28,-2,TRUE
2.76,3.25,2.79,5.34,3.09,0.53,1,0.16,0.77,35,16,0,2.11,-10,FALSE
-1.46,0.46,-1.21,-1.58,0.36,0.34,10,5.95,7.3,120,110,5,8.05,-35,FALSE
3.27,2.46,3.46,2.89,3.05,1.52,1,0.94,0.93,6,13,0,0.61,-14,TRUE
3.17,2.76,3.77,8.21,2.89,1.88,1,0.38,0.53,4,25,4,1.64,16,TRUE
-1.14,-1.19,-1.46,-0.12,-1.14,-0.72,10,6.75,5.95,185,95,25,5.95,15,FALSE
4.19,5.81,2.63,5.25,5.35,1.94,1,0.84,0.14,41,20,2,1.15,-7,FALSE
2.02,2.56,2.87,2.66,1.92,1.18,1,0.98,0.95,8,62,0,0.99,-1,TRUE
-2.68,-1.73,-2.28,-1.22,-1.44,1.57,10,7.4,10,145,205,5,8.3,-60,TRUE
2.29,5.01,3.68,2.92,5.47,0.94,1,0.75,0.77,16,71,4,0.56,9,TRUE
3.02,6.64,2.79,4.37,2.81,0.57,1,0.33,0.6,6,4,4,1.13,20,TRUE
-2.38,-0.37,-2.17,-2.01,-2.03,1.47,10,5.9,7.95,50,150,5,13.9,-65,TRUE
-2.67,-2.89,-2.43,-2.03,-2.14,1.03,10,9.6,5.75,55,305,5,10.55,-60,TRUE
-1.74,-1.61,-1.64,1.37,-1.72,-0.11,10,7.75,5.7,175,95,15,10.2,-20,TRUE
-1.01,-0.83,0.48,-0.42,-1.29,3.81,10,6.9,5.15,75,325,15,7.9,-10,FALSE
4.51,3.4,4.18,4.5,3.12,0.62,1,0.7,0.34,40,26,2,1.78,-6,FALSE
3.99,2.61,2.62,2.55,2.96,1.55,1,0.65,0.67,40,10,2,1.6,-1,FALSE
2.85,2.55,3.23,3.43,3.76,2.16,1,0.58,0.51,24,3,2,1.09,-9,FALSE
2.54,7.23,2.86,2.36,2.78,0.79,1,1.04,0.3,42,0,-1,1.71,-14,FALSE
-0.41,-0.77,0.61,-0.85,1.49,4.07,10,4.95,5.55,45,245,15,5.4,-75,FALSE
-0.12,0.16,-1.29,0.98,-0.37,0.84,10,5.45,5.65,50,25,15,7.05,-80,FALSE
2.47,3.18,3.99,2.6,2.35,1.21,1,0.9,0.17,23,13,0,1.07,-8,FALSE
0.9,-1.24,-2.37,-1.8,-2.56,0.68,10,7.15,8.9,145,190,5,9.5,-70,FALSE
2.86,2.68,3.1,4.7,5.26,0.59,1,0.21,0.52,7,1,4,0.68,14,TRUE
-1.66,-2.15,-1.81,0.09,-2.14,2.58,10,6.75,6.1,80,205,25,6.7,70,TRUE
3.31,2.33,2.3,2.47,2.39,3.17,1,0.39,0.8,4,25,2,1.68,-16,FALSE
2.7,2.44,2.37,2.32,2.47,1.8,1,0.58,0.69,32,68,2,1.88,7,FALSE
3.74,4.4,3.48,4.54,4.88,0.73,1,0.1,0.95,23,1,2,1.23,-11,FALSE
-1.66,-1.62,-1.54,-1.4,-0.54,0.2,10,5.35,8.1,90,295,15,13.7,-35,FALSE
2.56,2.44,2.75,2.25,2.7,0.92,1,0.66,0.61,10,23,0,1.68,-5,TRUE
3.67,2.66,3.66,3.34,3.52,1,1,0.46,0.9,28,32,0,1.49,-9,FALSE
-2.01,-2.08,-2.08,-1.42,-0.42,-0.45,10,6.35,6.6,45,10,5,6.75,-20,TRUE
2.92,3.51,2.82,2.67,3.41,0.37,1,0.32,0.59,42,15,4,1.68,6,FALSE
-1.66,-1.95,-2.14,-2.43,-2.08,0.21,10,5.95,9.65,145,270,15,14,-50,TRUE
-1.8,-1.7,-0.82,-0.47,-0.7,0.56,10,6.05,6.7,50,240,15,9.5,-60,FALSE
3.9,1.97,2.11,3.3,2.24,0.9,1,0.89,0.94,6,12,2,0.64,10,TRUE
3.18,2.84,2.61,3.62,3.84,4.03,1,0.75,0.91,35,72,2,1.97,11,TRUE
-0.49,-0.48,1.71,-0.18,0.08,-0.49,10,5.7,8.15,220,135,5,9.6,0,FALSE
2.5,2.5,2.72,2.83,3.43,1.02,1,0.8,0.12,43,57,4,1.86,19,FALSE
-3.3,-1.39,-2.3,-2.62,-1.35,2.21,10,9.95,8.85,155,190,5,6.35,-65,TRUE
2.39,3.79,3.84,2.6,2.62,2.11,1,0.56,0.04,6,27,4,0.81,16,FALSE
2.32,3.59,3.45,2.67,2.46,0.86,1,0.61,0.59,11,43,4,0.46,3,FALSE
-2.76,-2.26,-3,-2.64,-3,1.07,10,9,7.05,45,180,5,9.75,-80,TRUE
-1.55,1.28,-1.69,-0.68,-1.73,-0.05,10,7.3,6.85,215,145,25,5.2,95,FALSE
-1.63,-0.94,-2.31,-0.49,-2.02,1.39,10,6.85,9.3,135,310,15,11,75,TRUE
2.54,2.61,2.34,2.42,3.19,1.56,1,0.67,0.77,39,19,2,0.78,8,FALSE
0.14,-0.8,-1.19,-0.68,-0.38,0.64,10,7.2,5.45,210,275,15,7.4,-10,FALSE
3.37,3.31,2.45,3.03,3.05,0.56,1,0.35,0.95,30,29,2,0.71,15,FALSE
0.85,-1.74,-0.31,1.36,-1.72,1.51,10,6.05,5.05,20,85,5,12.8,-30,FALSE
-0.1,1.47,1.09,-1.79,-0.41,3.04,10,8.5,5.1,230,175,5,6.3,-95,FALSE
2.75,3,2.39,3.1,2.45,1.02,1,0.69,1,41,3,4,0.32,19,TRUE
-2.2,-2.42,-1.27,-2.08,-1.18,1.12,10,7.1,6.05,50,115,15,8.9,-15,TRUE
2.84,3.09,2.93,6.31,2.41,1,1,0.78,0.11,28,1,4,1.88,2,TRUE
5.08,5.94,2.25,2.79,2.77,1.44,1,0.9,0.82,11,43,2,0.56,13,TRUE
2.33,3.1,2.33,3.3,2.39,0.15,1,0.89,1.03,4,1,4,1.35,3,TRUE
2.64,5.19,6.12,4.5,3.27,1.11,1,0.47,0.55,22,20,4,0.94,4,FALSE
2.36,2.16,2.75,3.57,2.66,1.06,1,0.99,0.61,26,60,2,2.18,-11,TRUE
2.41,2.55,2.79,2.84,2.61,0.53,1,0.54,0.77,30,3,0,1.23,-13,FALSE
4.38,5.57,3.11,3.88,3.25,0.99,1,0.7,0.58,16,28,2,0.84,-14,TRUE
3.31,2.43,3.84,2.67,4.42,0.65,1,0.68,0.54,25,61,2,1.68,17,FALSE
1.46,-0.59,0.69,-0.76,1.07,0.67,10,5.5,5.95,100,360,20,7.55,5,FALSE
3.68,2.53,2.94,2.94,4.23,4.18,1,0.7,0.73,30,16,4,1.79,13,TRUE
5.54,2.67,2.47,3.94,3.18,1.79,1,0.74,0.69,34,39,0,1.19,-17,TRUE
-0.72,-1.17,-2.42,-0.38,-2.24,-0.75,10,6.4,6.85,15,150,5,11.4,0,TRUE
-2.05,-2.62,-2.77,-1.01,-2.91,0.02,10,6.9,9.8,80,165,15,8.95,-65,TRUE
6.19,3.78,4.21,2.37,3.71,4.23,1,0.82,0.27,9,40,4,0.76,6,FALSE
3.78,4.73,3.61,3.29,4.81,0.66,1,0.14,0.76,12,38,4,1.9,20,TRUE
3.34,3.17,4.61,2.46,4.44,1.8,1,0.88,0.92,22,9,2,1.48,-22,TRUE
3.05,3.5,2.47,4.32,3.36,1.03,1,0.67,0.33,25,23,0,1.83,-19,FALSE
2.35,5.18,3.25,6.96,5.75,1.94,1,0.86,0.73,27,72,4,0.16,11,TRUE
2.24,-0.64,-0.75,-0.62,1.03,1.93,10,6.25,5.7,210,10,15,11.5,-5,FALSE
-2.69,-3.26,-3.25,-1.96,-1.58,0.96,10,9.4,6.55,20,265,5,7.4,-40,TRUE
-2.35,-1.34,1.41,-1.8,-2.28,1.68,10,5.4,9.15,75,325,15,6.8,75,FALSE
2.42,2.32,2.45,2.32,6.94,0.6,1,0.91,0.11,4,0,-1,1.57,-16,TRUE
3.65,2.62,4.24,3.65,2.75,3.02,1,0.4,0.8,25,49,4,1.13,8,FALSE
2.4,2.82,2.75,2.43,8.36,0.82,1,0.36,0.92,40,8,2,0,19,FALSE
-2.4,-1.89,-2.17,-2.32,0.61,0.16,10,6.4,10.15,125,190,15,8.55,-70,TRUE
-1.09,-1.21,-0.29,-0.64,-1.57,-0.77,10,6.25,8.75,220,10,15,7.1,0,FALSE
-1.14,-1.04,-1.16,-1.03,0.25,-0.13,10,5.3,5.35,40,15,15,6.65,-70,FALSE
-1.56,-2.06,-2.5,-2,-1.13,0.57,10,6.35,9.05,35,5,0,5.85,-95,TRUE
-1.3,-0.78,-2.14,-1.75,-0.17,1.58,10,7.1,7.15,145,275,15,5,-75,FALSE
0.32,-1.09,-2.3,-1.9,-0.59,0.45,10,7.4,7.1,20,115,15,5.5,-25,TRUE
3.16,2.66,2.65,4.57,3.93,0.82,1,0.74,0.19,5,2,2,1.18,12,TRUE
2.81,2.81,3.14,4.02,4.3,0.55,1,0.55,0.46,25,50,2,1.47,14,FALSE
-0.6,-0.22,-1.11,-1.13,-1.38,1.64,10,6.45,6.85,225,375,15,7.7,-80,FALSE
3.49,3.45,3.05,3.47,4.73,0.34,1,0.48,0.58,9,28,4,1.83,12,TRUE
-2.96,-2.08,-3.2,-2.81,0,0.52,10,7.2,10.2,35,140,5,8.2,-30,TRUE
2.65,2.72,4.95,2.27,5.85,0.28,1,0.58,0.87,29,5,4,1.09,9,TRUE
2.53,4.1,3.12,4.05,2.84,0.79,1,0.52,0.63,19,25,4,0.27,16,FALSE
4.21,3.05,3.24,3.18,3.33,0.35,1,0.14,0.42,24,2,4,1.3,3,FALSE
-0.8,-1.29,-0.59,-1.47,0.89,2.16,10,4.45,9.1,100,15,5,5.2,-35,FALSE
3.03,2.43,3.43,3.18,5.87,1.59,1,0.28,0.34,0,4,2,1.22,15,TRUE
2.49,3.1,2.55,3.27,4.17,0.37,1,0.07,0.88,24,11,2,1.93,19,TRUE
-2.37,-2.82,-2.85,-1.56,-1.57,0.88,10,8.95,6.75,130,185,15,9.4,-40,TRUE
-0.27,-0.53,0.66,-0.05,-0.83,0.82,10,5.7,6.85,220,190,15,14.5,80,FALSE
-1.87,-1.95,-1.44,-1.93,-2.24,3.21,10,7.45,6.55,135,355,5,8.05,-90,FALSE
5.14,2.28,2.28,2.54,2.64,0.99,1,0.72,0.7,35,17,2,1.28,7,FALSE
3.02,3.74,3.84,4.66,2.84,0.78,1,0.4,1.02,14,7,2,0.53,2,FALSE
-2.3,-2.02,-1.58,-2.23,-2.22,1.56,10,7.3,7.7,140,5,0,8.15,-25,TRUE
2.65,3.08,2.58,5.12,4.54,0.21,1,0.3,0.69,43,29,2,1.79,15,FALSE
0.28,0.64,0.23,1.77,0.69,-0.27,10,5.35,5.8,215,265,25,13.3,10,FALSE
1.02,-0.57,-2.33,-1.73,0.55,2.47,10,7,5.6,20,185,15,6.2,-50,FALSE
-2.18,-0.66,-1.45,-1.4,-1.53,2.65,10,6.9,6.05,60,350,5,6.5,-70,FALSE
-2.56,-2.43,-0.87,0.07,-2.15,1.27,10,8.2,7.05,140,210,5,6.25,-90,FALSE
-0.75,-0.76,-0.19,-1,-0.66,0.11,10,6.4,5.35,170,160,15,14.95,35,FALSE
3.77,4.02,3.28,2.5,3.37,0.71,1,0.7,0.12,0,13,4,1.9,10,TRUE
2.61,3.66,2.99,3.57,2.55,3.69,1,0.44,0.79,42,18,4,0.46,19,FALSE
-1.55,-1.73,-0.41,-1.41,-0.79,1.42,10,6.3,7.25,100,265,15,5.55,-95,FALSE
1.92,-1.87,-1.34,2.25,-0.92,0.18,10,5.6,8.95,160,150,15,5.55,-30,FALSE
3.65,2.73,6.95,2.4,2.41,1.06,1,0.92,0.43,17,2,2,0.19,-2,TRUE
0.98,0.63,1.76,-1.07,-1.57,1.04,10,6.35,6.4,135,235,25,14.85,65,FALSE
-1.16,-1.15,-1.29,-0.91,-1.2,-0.72,10,5.3,8.85,225,150,15,10.25,100,FALSE
2.57,2.39,2.3,2.7,2.82,1.52,1,0.85,0.46,21,10,2,1.1,-5,TRUE
-1.68,-2.7,-1.9,-2.63,-2.29,2.21,10,8.6,7.1,200,360,15,13.1,-50,TRUE
2.34,3.99,3.51,9.84,2.42,2.06,1,0.9,0.52,32,48,4,2.09,4,TRUE
3.9,3.84,3.76,2.51,2.62,2.29,1,0.55,0.04,19,2,4,1.23,2,FALSE
2.61,2.62,2.72,4.22,2.8,0.14,1,0.5,0.61,20,15,4,1.34,11,TRUE
-1.91,-1.19,-1.48,2.13,-0.38,0.91,10,6.9,5.8,75,95,5,8.15,-5,FALSE
3.93,3.01,2.61,5.12,2.25,0.94,1,0.94,1,28,13,0,2.03,-4,TRUE
2.97,4.33,2.8,2.74,2.24,0.88,1,0.71,0.78,25,9,2,1.31,-18,TRUE
3,2.37,4.09,2.54,2.39,1.23,1,0.82,0.35,9,5,2,0.04,11,TRUE
-0.9,-0.97,-1.09,2.62,-1.16,2.07,10,6.1,7.25,195,50,5,10.15,-70,FALSE
1.2,-2.16,-1.05,-1.69,-1.89,1,10,6.25,10.2,185,325,15,11.75,-50,FALSE
-2.19,-0.06,-1.13,-2.52,1.3,-0.21,10,8,7.45,195,285,15,6,80,TRUE
3.29,-1.14,0.99,-0.85,-0.88,-0.64,10,5.2,8.8,150,300,15,13.6,80,FALSE
3.38,2.35,2.36,2.75,2.59,0.12,1,0.55,0.76,34,13,4,1.57,4,TRUE
6.75,4.76,4.19,4.86,2.43,1.51,1,0.77,0.73,18,21,2,0.69,-10,TRUE
0.62,0.05,0,0.58,0.47,0.52,10,5.55,6.2,220,345,25,9.4,90,FALSE
0.75,1.05,2.17,1.14,1.55,0.73,10,5.35,5.25,230,330,15,5.95,15,FALSE
-2.84,-2.72,-2.71,-2.8,-2.25,0.94,10,9.2,7.15,125,200,5,6.6,-25,TRUE
-2.06,-0.76,-1.83,-1.82,-0.64,0.49,10,5.5,9.05,120,55,15,7.85,50,FALSE
-0.21,-0.43,-1.44,-1.47,-1.75,-0.91,10,6.8,6.4,180,110,15,6.7,85,FALSE
-0.79,-1.51,-0.41,-0.48,-0.85,1.76,10,6,7.45,190,60,5,8.45,-65,FALSE
4.09,2.9,4.77,2.53,3.35,0.68,1,0.97,0.15,28,11,0,0.68,-2,FALSE
-2.18,-1.77,-1.72,-1.04,0.43,0.9,10,8.75,5.8,215,235,15,7.15,-10,FALSE
-1.98,-1.51,-1.73,-1.55,-1.93,0.89,10,6.45,7,115,50,5,5.75,-10,FALSE
3.15,5.85,4.85,3.64,4.93,1.86,1,0.52,0.02,20,23,0,2.03,-3,FALSE
-1.84,-0.74,-2.11,-1.95,0.42,-0.16,10,5.85,9.5,0,320,25,11.65,15,TRUE
2.44,2.3,2.9,2.42,2.91,1.27,1,0.64,0.8,33,23,2,1.84,11,TRUE
4.92,3.33,2.78,4.22,2.58,1.06,1,0.72,0.67,35,65,2,1.37,-12,TRUE
3.31,2.35,2.78,3.15,2.65,1.04,1,0.67,0.86,15,5,4,1.41,15,TRUE
-0.09,0.42,-0.61,0.07,1.41,-0.17,10,4.8,7,140,30,15,13.65,-5,FALSE
5.26,2.6,3.42,8.36,3.08,3.07,1,0.83,0.59,8,13,2,1.61,3,TRUE
3.76,4.18,4.87,3.51,8.24,1.93,1,0.11,0.47,45,12,2,1.44,7,FALSE
4.43,4.04,6.79,4.35,3.04,1,1,0.67,0.77,9,42,4,2,4,TRUE
2.81,2.59,4.85,3.21,3.43,1.25,1,0.22,0.28,23,11,2,1.4,19,FALSE
-1.45,-1.37,-0.84,-0.85,1.05,0.06,10,7.35,7.7,150,365,15,9.2,70,TRUE
-1.9,-2.28,0.41,-1.6,0.35,-0.24,10,7.05,8.6,185,350,25,5.85,100,TRUE
-2.27,-2.87,-2.18,-1.27,-2.66,1.06,10,9.7,7.15,170,150,15,7.05,-70,TRUE
-1.19,-0.89,-1.81,-1.85,0.47,1.75,10,5.45,9.55,195,385,15,7.5,-30,FALSE
-2.19,-2.35,-2.18,-0.93,-0.29,0.91,10,6.55,7.4,80,175,5,11.65,-50,TRUE
3.51,2.73,2.55,4.18,2.38,2.14,1,0.74,0.8,7,64,4,0.19,5,TRUE
-0.87,-0.92,-0.75,-0.05,-0.55,2.93,10,5.5,5.95,75,95,15,7.6,-90,FALSE
-0.44,-1.09,-2.04,0.2,-1.09,4.79,10,5.8,6.9,15,325,15,7.65,15,FALSE
-2.2,-1.03,1.07,-0.23,-0.05,1.81,10,6.35,8.25,145,65,20,5.2,5,TRUE
4.27,6.47,5.92,3.11,4.06,4.75,1,0.93,0.33,36,15,2,0.72,9,FALSE
-0.77,0.64,0.27,1.33,0.03,1.5,10,6.5,7.25,170,55,5,12.9,-15,FALSE
-1.25,-0.87,-0.68,-1.04,-1.81,0.33,10,7.65,6.15,230,210,25,6.35,95,FALSE
4.07,2.5,2.09,4.43,2.71,0.72,1,0.84,0.98,12,33,2,1.05,11,TRUE
2.86,3.51,2.49,3.64,3.97,0.46,1,0.28,0.92,36,35,2,2.16,8,FALSE
-0.79,0.15,0.12,-1.86,0.36,-0.84,10,6.15,7.35,150,300,25,14.6,50,FALSE
2.87,4.07,3.72,4.15,3.82,0.26,1,0.53,0.2,43,8,4,1.49,11,TRUE
-0.83,-2.9,-2.94,-2.72,-3.16,2.34,10,8.15,8.85,75,340,5,9.5,-90,FALSE
0.32,1.95,-0.12,-0.27,-0.77,0.34,10,6.8,5.2,210,355,25,14.55,60,FALSE
-1.55,-1.38,-2.3,-1.12,-0.84,1.2,10,7.2,8.1,165,275,5,7.5,-80,FALSE
-0.27,1.16,-1.03,-1.1,0.4,0.92,10,5.95,5.55,135,10,25,9.75,85,FALSE
3.59,4.3,2.87,2.44,2.9,0.72,1,0.66,0.32,3,12,4,0.81,18,TRUE
2.46,2.08,2.68,2.21,2.5,0.6,1,0.97,0.56,2,26,2,1.26,-3,TRUE
3.72,5.21,2.81,3.93,2.84,2.14,1,0.85,0.32,17,5,4,1.02,2,TRUE
2.64,2.15,4.19,3.24,2.82,0.43,1,0.97,0.71,3,16,2,0.93,17,TRUE
-0.69,0.56,1.29,-0.56,0.09,0.74,10,4.95,7.35,150,110,15,8.1,90,FALSE
-2.52,-2.71,-2.52,-0.92,1.65,3.47,10,5.95,9.85,15,325,15,6.25,-65,FALSE
2.74,3.41,2.76,2.91,3.95,2.9,1,0.87,0.72,39,19,2,1.48,7,TRUE
2.75,4.14,2.07,2.67,2.83,1.62,1,0.93,1,2,7,2,0.4,-14,TRUE
0.02,0.27,0.45,-0.63,1.01,-0.34,10,5.3,5.15,100,325,15,13.55,55,FALSE
3.8,2.56,3.48,3.98,2.87,2.08,1,0.83,0.53,28,7,4,0.97,1,TRUE
-2.54,-1.97,1.7,-1.86,-2.37,1.04,10,8.35,6,5,100,5,9.65,-75,TRUE
-2.17,-0.85,-2.12,-1.76,-1.67,2.35,10,7.1,7.4,120,15,15,9.65,-85,TRUE
2.9,2.5,2.38,3.71,3.47,3.09,1,0.95,0.98,27,35,2,0.25,-19,TRUE
3.37,3.03,3.08,2.23,3.4,0.84,1,0.98,0.53,1,74,0,1.61,-11,TRUE
2.58,3.93,2.36,4.94,2.74,0.3,1,0.85,0.23,42,15,4,1.49,2,TRUE
3.28,2.74,3.95,2.84,2.63,1.07,1,0.94,0.81,8,33,2,0.3,17,TRUE
1.23,-1.84,-1.84,-1.72,-0.98,-0.19,10,5.7,7.95,125,115,5,12.15,-15,FALSE
4.12,3.96,2.89,2.22,2.27,1.78,1,0.68,0.98,3,50,4,0.33,15,TRUE
-2.75,-1.14,-2.83,-1.85,-1.59,0.74,10,8.85,7.75,120,230,5,9.15,-20,TRUE
4.26,6.7,6.55,2.64,4.79,2.37,1,0.57,0.33,6,16,2,0.85,4,FALSE
-0.88,0.18,-1.97,-1.74,-1.64,0.23,5,6.05,6.55,145,210,25,8.25,40,TRUE
2.98,3.72,2.88,3.62,2.74,0.61,1,0.03,0.85,29,8,2,1.62,-16,FALSE
3.45,2.29,3.01,2.33,3.74,2.19,1,0.42,0.9,-1,35,2,1.32,-16,TRUE
4.51,3.62,3.24,2.92,2.9,0.38,1,0.58,0.65,43,13,4,1.91,3,TRUE
3.03,2.47,3.51,2.7,2.57,1.86,1,0.61,0.7,13,16,2,0.14,14,FALSE
3.96,2.85,3.98,2.8,5.23,2.96,1,0.39,0.08,4,3,4,2.05,3,TRUE
4.04,3.18,2.52,3.9,3.08,0.66,1,0.12,0.57,19,6,2,1.48,-9,FALSE
-2.68,-0.52,-2.34,-2.99,-2.68,2.17,10,9.85,6.7,10,300,5,9.8,-65,TRUE
-2.2,-1.41,-2.02,-2.43,-2.37,1.51,10,6.9,10.25,95,50,5,6.05,-60,TRUE
-2.46,-1.62,-1.91,0.61,2.26,0.54,10,6.75,8,120,185,10,12.9,5,TRUE
7.86,3.75,3.17,3.35,4.41,3.9,1,0.51,0.91,39,4,4,0.47,5,FALSE
5.62,2.52,2.77,2.28,3.51,1.08,1,0.55,0.97,33,29,0,1.02,-9,TRUE
0.66,-1.18,-1.57,-0.68,-1.81,-0.15,10,7.55,6,140,350,25,5.35,70,FALSE
3.54,6.63,2.68,3.46,2.31,2.3,1,0.73,0.91,6,52,2,0.84,-14,TRUE
-0.51,0.11,0.94,-0.84,-0.78,-0.23,10,5.05,7.05,165,315,25,14.95,65,FALSE
5.3,2.86,2.48,2.72,2.56,1.53,1,0.53,0.55,34,10,4,1.92,2,TRUE
0.28,0.45,-2.18,0,-2.26,0.17,10,7.9,7.7,215,380,15,9.55,65,TRUE
2.73,3.27,2.74,3.07,6.5,1.38,1,0.63,0.16,14,49,4,1.59,14,FALSE
1.77,-2.03,1.69,-2.14,-1.72,2.03,10,6.35,5.85,20,345,5,11.3,-45,FALSE
2.56,2.64,2.49,4.26,3.08,0.57,1,0.18,0.92,36,40,4,1.89,10,FALSE
-1.49,0.04,-1.88,-0.58,-0.83,0.31,10,8.35,5.35,200,50,15,7.25,20,TRUE
2.46,3.04,2.39,2.81,3.29,2.46,1,0.62,0.6,40,25,2,1.8,18,TRUE
-0.63,-0.24,-0.59,-0.92,-0.92,-0.15,10,5.7,6.45,190,100,15,7.25,25,FALSE
0.82,4.25,-0.05,-0.52,-0.88,1.46,10,5.8,5.45,140,125,5,8.25,-65,FALSE
2.81,3.01,4.28,2.61,3.6,1.09,1,0.6,0.02,39,13,4,0.81,11,FALSE
3.36,3.35,2.85,2.6,2.75,1.06,1,0.9,0.3,19,7,0,1.16,-5,FALSE
3.02,3.53,3.26,2.77,4.62,1.69,1,0.82,0.57,27,55,4,0.24,19,TRUE
3.83,3.31,4.14,2.6,3.6,0.93,1,0.47,0.13,17,4,2,1.52,5,FALSE
0.58,0.5,-1.41,-1.39,0.1,4.44,10,6.4,6.9,195,150,15,6.55,-80,FALSE
2.34,3.49,2.91,7.23,3.27,4.13,1,1.01,0.73,32,50,2,0.31,10,TRUE
4.17,3.6,5.56,3.22,2.78,0.62,1,0.6,0.28,14,10,2,0.85,-15,FALSE
3.3,4.96,2.34,4.13,2.33,2.04,1,0.58,0.83,33,38,4,0.22,1,FALSE
-1.16,-2.82,-1.75,-2.18,-3.02,0.43,10,7.95,9.85,170,100,5,6.45,-50,TRUE
2.59,2.48,3.36,2.5,3.84,0.96,1,0.78,0.21,34,10,4,0.55,4,FALSE
5.63,2.75,7.06,2.84,4.03,0.92,1,0,0.29,38,17,2,1.91,19,FALSE
-0.99,-1.45,-0.32,-0.76,-1.65,1.58,10,6.25,8.15,210,350,15,5.1,50,FALSE
3.59,2.63,2.99,4.97,3.43,4.44,1,0.7,0.47,40,15,4,0.48,4,FALSE
2.39,2.46,5.53,4.33,2.44,0.52,1,0.8,0.21,28,2,0,1.3,-8,FALSE
-0.58,-2.37,-2.32,-1.54,-2.32,1.66,10,7.75,5.35,90,350,15,6.05,30,FALSE
2.48,2.97,2.64,5.66,4.02,2.51,1,0.93,0.81,36,35,4,2.04,11,TRUE
0.19,-0.73,0.74,0.06,-1.85,0.42,10,6.15,6.9,125,230,15,9.4,-60,FALSE
2.59,4.8,3.28,2.85,4.75,1.16,1,0.84,0.2,27,20,2,1.54,-4,FALSE
3.54,5.2,2.6,2.15,2.89,3.55,1,0.95,0.53,18,3,2,0.1,1,TRUE
-1.43,-0.04,-1.97,-0.82,-1.53,0.18,10,5.5,8.45,125,105,5,6.45,-20,FALSE
2.64,3.19,4.06,2.88,3.19,3.9,1,0.5,0.4,39,12,4,0.57,11,FALSE
-1.72,-1.97,-0.84,-1.66,-1.88,1.3,10,7.55,5.35,115,285,5,6.3,-25,FALSE
3.37,3.39,2.33,3.98,2.25,0.78,1,0.78,0.63,31,49,4,1.01,19,FALSE
3.28,6.68,3.04,2.34,5.7,0.77,1,0.54,0.94,15,21,2,1.35,13,TRUE
-2.02,-2.37,-2.07,-1.23,-1.16,-0.37,10,7.05,5.7,20,380,15,14.95,15,TRUE
-1.53,-0.8,-1.84,-2.24,-1.12,-0.41,10,6.45,7.9,135,175,15,11.6,-60,TRUE
2.49,2.76,2.91,2.56,2.48,1.09,1,0.71,0.9,42,62,4,0.11,17,TRUE
-1.09,0.59,-1.75,-1.96,-0.54,0.63,10,6.35,5.75,40,350,15,13.9,40,FALSE
4.45,3.12,4.46,7.27,3.6,0.21,1,0.43,0.45,39,0,3,0.28,17,FALSE
-2.55,-1.42,3.28,-1.86,-2.55,0.78,10,8.3,7.9,175,290,5,11.55,-20,TRUE
3.09,2.6,6.34,2.3,3.28,0.46,1,0.85,0.23,18,9,2,0.57,16,TRUE
3.37,4.13,2.24,2.34,2.8,0.67,1,0.9,0.88,40,30,4,1.49,2,TRUE
3.54,3.71,2.44,2.41,2.49,0.85,1,0.44,0.84,9,37,2,1.65,17,TRUE
-1.6,1.17,1.82,-1.42,2.13,2.06,5,5.55,6.45,230,260,15,6.05,-10,FALSE
3.32,3.14,2.33,3.16,2.29,0.64,1,0.66,0.96,40,14,0,1.11,-5,FALSE
0.06,-0.59,-2.19,-2.67,-2.02,0.95,10,6.2,8.5,30,195,15,7.7,-35,TRUE
-0.56,0.63,-0.37,-0.73,-0.83,-0.4,10,5.3,5.3,85,35,15,10.35,-15,FALSE
2.7,2.37,2.67,2.72,5.12,2.84,1,0.61,0.79,17,19,0,1.28,-5,TRUE
4.51,2.98,2.32,3.07,2.48,0.46,1,0.64,0.38,1,2,2,1.14,-13,FALSE
3.47,3.7,3.47,3.7,4.99,2.13,1,0.93,0.32,37,22,0,1.18,-3,FALSE
2.7,2.31,4.14,2.42,2.31,0.59,1,0.96,1.08,5,23,0,2.05,-15,TRUE
-2.89,-2.31,-0.8,-2.48,-1.48,3.83,10,9.45,8.2,150,350,5,5.35,-60,FALSE
2.42,3.98,3.08,2.87,3.93,0.45,1,0.3,0.83,35,4,2,1.52,-15,FALSE
2.92,3.21,4.59,4.3,2.96,1.83,1,0.38,0.16,17,11,2,1.6,-15,FALSE
-0.05,-0.77,2.66,-0.57,2.48,1.06,10,5.3,5.35,75,100,5,9.85,-20,FALSE
-2.51,-0.81,-2.53,-2.62,-2.54,0.68,10,9.35,5.4,180,375,15,5.6,65,FALSE
3.13,3.36,3.28,4.17,2.59,1.37,1,-0.05,0.96,4,8,2,2.01,-15,FALSE
-1.15,-1.07,-2.51,-1.4,-2.34,-0.35,10,6.05,7.8,15,100,5,12.5,-70,TRUE
-1.4,0.24,-0.98,-0.8,-0.62,2.42,10,7.1,5.35,180,365,15,7.8,80,FALSE
4.93,3.16,2.35,2.43,3.69,0.53,1,0.29,0.94,12,32,4,0.23,16,FALSE
0.22,0.09,2.45,0.55,-0.69,-0.08,10,4.9,6.7,130,85,15,6.95,-50,FALSE
3.85,4.63,6.39,2.68,2.51,1.64,1,0.25,0.74,9,36,2,1.63,-4,FALSE
2.87,2.45,3.61,4.8,2.79,3.45,1,0.8,0.91,17,26,4,0.29,18,TRUE
-1.38,-1.63,-1.73,-1.96,-1.39,-0.07,10,8.8,5.9,235,105,5,10.45,-15,TRUE
2.63,2.6,3.62,4.67,4.55,2.55,1,0.37,0.6,3,13,2,0.11,16,FALSE
3.03,2.81,2.41,1.96,2.88,0.78,0,0.95,0.79,15,20,0,2.04,-11,TRUE
2.86,5.05,2.3,2.62,4.26,1.23,1,0.85,0.31,28,16,2,0.7,7,FALSE
2.05,0.49,1.41,-0.07,1.8,-0.53,10,5.25,5.75,205,145,25,11.6,75,FALSE
2.75,5.76,4.06,2.52,2.76,0.37,1,0.08,0.78,27,29,2,1.68,19,FALSE
3.49,2.9,2.8,4.72,2.49,0.45,1,0.7,0.89,27,31,4,0.73,15,TRUE
2.68,3.28,2.3,2.53,5.28,1.89,1,0.87,0.19,24,29,2,0.55,4,FALSE
2.52,3.68,2.57,4.38,2.67,2.69,1,0.75,0.63,25,26,4,1.07,2,TRUE
2.34,3.01,3.47,3.48,3.8,0.56,1,0.8,0.9,33,76,4,1.1,17,TRUE
0.6,-0.95,-0.41,-1.16,0.31,0.41,10,6.25,5.8,145,265,25,13.35,15,FALSE
-1.38,-1.67,-1.28,-2.11,-1.93,0.42,10,7.05,5.95,115,355,15,10.95,10,FALSE
3.72,4.06,3.06,2.51,2.68,0.87,1,0.68,0.81,23,4,0,1.29,-10,TRUE
-1.22,-1.35,0.99,-1.63,-1.64,1.49,10,6.55,6.4,165,185,25,9.75,30,FALSE
2.81,3.69,3.03,4.3,3.65,1.06,1,1,0.76,28,1,0,1.87,-5,TRUE
2.76,2.5,2.66,2.62,4.11,1.12,1,0.11,0.67,20,13,2,1.15,6,FALSE
-1.88,-1.7,-2.24,-1.33,-1.24,-0.48,10,5.05,9.2,55,285,25,5.65,75,TRUE
-2.38,-2.67,-1.09,-0.5,-2.92,0.96,10,7.15,9.6,105,285,15,9.45,60,TRUE
0.64,1.04,0.06,0.54,1.68,-0.05,10,5.4,5.5,160,120,15,8.5,-20,FALSE
2.72,-1.26,-2.5,-2.41,-1.77,-0.87,10,7.35,6.4,80,50,15,5.75,60,TRUE
3.86,2.39,4.49,2.72,2.66,1.22,1,0.88,0.43,41,36,2,1.56,-9,FALSE
3,2.45,2.75,7.03,2.76,1.25,1,0.71,0.66,7,14,0,1.48,-2,TRUE
-2.42,-2.79,-2.85,-2.29,-3.04,0.11,10,9.3,7.45,140,320,25,5,35,TRUE
3.67,2.45,2.66,5.83,4.19,1.32,1,0.68,0.2,37,7,4,1.46,11,TRUE
1.89,-0.11,-0.43,1.3,2.26,-0.27,10,4.8,5.9,110,205,25,14.85,85,FALSE
3.14,2.6,4.3,2.79,2.63,0.36,1,0.49,0.95,41,16,2,1.37,16,TRUE
-1.37,-0.48,-1.58,-0.16,-0.56,0.28,10,5.4,5.9,0,180,10,7.05,5,FALSE
-1.2,-1.48,-0.59,-2.01,-0.35,2.14,10,7.35,5.8,155,265,5,12.15,-85,FALSE
-2.52,-1.39,-1.53,-1.37,-2.35,-0.3,10,6.65,8.9,125,190,15,5.25,45,TRUE
3.02,2.46,3.4,3.3,3.04,1.21,1,0.86,0.35,7,6,4,1.04,5,TRUE
0.14,1.54,-1.92,-1.95,-2.11,-0.17,10,8.6,6.2,180,195,15,8.15,-15,TRUE
1.26,-1.37,-0.42,-1.73,0.66,-0.21,10,6.3,7.7,200,65,15,6.5,10,FALSE
-2.26,-2.78,-1.49,-0.75,-1.6,1.87,5,5.35,9.6,100,165,15,7.75,-90,TRUE
4.45,2.56,3.4,2.79,2.93,0.66,1,0.42,0.66,35,22,4,1.24,11,FALSE
-0.31,-0.6,1.25,-1.28,-1.31,0.13,10,5.75,8.1,65,345,25,6.45,95,TRUE
4.33,2.3,3.17,3.3,5.12,0.7,1,0.71,0.68,38,31,2,0.67,10,FALSE
2.15,2.16,2.19,2.58,3.09,2.09,1,0.86,0.89,8,45,4,1.56,1,TRUE
3.03,3.14,4.67,3.34,3.73,0.71,1,0.65,0.85,18,4,2,1.09,21,TRUE
-0.19,-0.2,2.07,0.31,1.21,-0.49,10,5.5,5.45,165,60,15,13.35,50,FALSE
0.35,-1.45,-1.08,4.01,-1.48,-0.15,10,5.2,6.35,50,205,25,6.7,110,FALSE
-2.4,-2.61,-0.33,-2.51,-2.24,0.84,10,6.35,9.1,55,255,5,15.25,-85,TRUE
3.06,2.89,4.78,4.23,2.47,0.89,1,0.64,0.72,19,52,4,1.86,5,TRUE
2.75,3.34,3.18,2.46,2.43,0.89,1,0.61,0.5,50,53,4,1.92,3,FALSE
-1.65,-2.99,-1.31,0.39,-2.52,-0.12,10,9,6.75,85,270,15,7.6,35,TRUE
-0.14,1.03,-1.8,0.21,0.56,-0.14,10,6.6,5.25,30,110,15,8.9,55,FALSE
-1.81,-1.91,-1.54,-1.97,-1.85,1.08,10,7.55,6.55,145,230,15,5.9,-40,FALSE
3.01,3.67,2.5,3.21,2.98,2.98,1,0.89,0.22,31,7,2,1.51,-5,FALSE
5.7,4.42,2.31,3.99,2.97,0.86,1,0.62,0.29,8,25,4,0.63,11,FALSE
-2.36,-0.66,-2.01,-2.28,-1.85,-0.69,10,7.45,6.55,40,140,15,9.05,15,TRUE
1.26,-1.15,-0.21,-1.25,-1.38,-0.21,10,6.35,5.9,155,35,5,6.95,-45,FALSE
-0.74,-1.24,-0.56,-0.92,-1.44,-0.62,10,7.15,5.6,155,20,15,10.1,-95,FALSE
0.76,-1.87,-1.21,-1.13,-2.06,2.93,10,5.5,8.85,125,355,5,6.6,0,FALSE
-1.92,-2.67,-2.4,-2.19,-1.68,1.84,10,6.35,9,65,335,15,12.4,-90,FALSE
-2.01,-3.04,-2.62,-2.56,-2.95,1.87,10,8.85,6.55,55,175,15,7.45,-70,TRUE
-0.69,-1.17,-2.37,-1.19,-1.45,1.03,10,7.25,7.9,95,335,15,6.25,-25,FALSE
0.79,0.48,0.98,-0.87,0.12,1.79,10,5.6,6.5,175,95,5,5.3,-60,FALSE
2.61,2.56,3.86,2.64,2.72,0.83,1,0.72,0.83,7,66,1,0.97,0,TRUE
-2.82,-1.36,-2.83,-2.1,-2.83,0.74,10,7.15,7.35,15,160,15,6.55,10,TRUE
5.39,5.67,3.22,2.71,2.81,0.46,1,0.67,0.32,41,11,2,1.85,5,FALSE
5.31,5.12,6.72,2.92,2.88,1.16,1,0.31,0.52,31,7,2,1.32,-15,FALSE
3.68,3.53,3.55,9.23,2.84,1.25,1,0.06,0.79,13,9,2,0.64,12,FALSE
3.37,6.48,2.46,5.11,3.2,1.14,1,0.93,0.66,33,55,2,0.22,16,TRUE
3.19,4.38,5.05,4.04,2.41,1.2,1,0.63,0.27,26,7,0,1.76,-5,FALSE
0.85,-0.55,-0.53,-1.08,-1.06,1.26,10,4.7,6.1,15,130,15,5.1,-25,FALSE
3.95,3.16,2.61,3.8,4.32,0.83,1,0.93,0.33,37,15,4,1.53,6,TRUE
0.87,-0.92,-1.25,-1.28,-0.55,1.26,10,6.2,7.1,210,15,15,6.55,-30,FALSE
2.78,5.44,3.09,4.7,6.38,0.82,1,0.63,0.9,13,3,2,0.47,12,TRUE
5.72,3.12,2.68,5.39,3.33,2.18,1,0.55,0.42,3,9,0,1.03,-7,FALSE
2.51,3.48,3.21,2.4,3.18,0.58,1,0.91,0.91,35,27,2,0.86,4,TRUE
4.86,2.29,3.2,2.54,2.75,0.56,1,0.5,0.53,1,18,2,1.43,2,FALSE
3.3,4.27,2.19,2.48,3.78,5.11,1,0.83,0.85,17,11,0,1.37,-16,TRUE
-0.12,-0.12,-0.59,2.64,-0.64,1.87,10,5,8.85,220,340,5,14.2,-95,FALSE
-0.99,2.26,0.58,0.55,3.09,-0.2,10,6.65,5.4,205,5,10,5.2,-10,FALSE
-2.6,-1.58,0.28,-1.44,-1.13,0.71,10,7.95,10.05,235,320,15,10.25,-50,TRUE
-2.07,-0.97,-2.54,-2.32,-1.89,1.57,10,6,9.45,100,345,5,6.85,-80,FALSE
0.6,-0.65,-0.34,-1.18,-1.46,-0.75,10,6.85,5.65,160,315,15,14.45,55,FALSE
2.31,4.52,4.67,3.32,3.99,0.59,1,0.89,0.77,39,66,4,1.58,18,TRUE
2.35,2.34,3.33,2.86,2.5,2.44,1,0.67,0.72,42,15,0,1.55,-9,FALSE
-0.67,-1.25,-1.38,-1.83,-2.07,0.64,10,7.05,5.15,30,215,5,8.3,-10,FALSE
2.02,-0.83,0.52,-1.62,-1.71,-0.93,10,5.45,8.1,90,50,5,12.45,-25,FALSE
4.44,2.41,4.11,2.98,2.5,0.9,1,0.61,0.82,9,21,2,0.41,15,TRUE
-1.67,-2.61,-2.51,-0.5,-2.45,2.51,10,5.15,10.3,30,270,5,5.95,-60,FALSE
-1.24,-1.91,-0.53,-2.05,-1.3,0.56,10,6.15,8.95,185,355,15,14.25,-90,FALSE
-2.54,-2.69,-2.58,-2.3,-1.99,2.28,10,7.9,9.2,60,305,5,6.25,-10,TRUE
-2.26,-1.71,-2.38,-1.57,-1.56,0.83,10,7.8,6.4,145,105,5,10.65,-85,TRUE
0.24,0.78,-0.63,-0.02,-0.68,3.5,10,5.35,6.9,200,305,15,11.35,-75,FALSE
4.17,2.31,7.33,4.97,2.57,1.31,1,0.79,0.26,7,36,4,1.64,13,TRUE
2.19,2.68,2.45,2.03,2.25,0.62,0,0.69,0.54,0,7,2,0.64,1,TRUE
-2.55,-1.72,-1.64,-0.99,-2.22,-0.32,10,8.2,7.8,190,25,5,6.5,0,TRUE
0.72,-2.4,-2.46,-1.67,-2.18,-0.99,10,7.2,7.95,155,5,10,6.1,60,TRUE
-0.43,-1.87,-2.08,-0.96,-0.44,-1.09,10,5.2,8.8,90,125,25,6.5,75,FALSE
2.89,2.88,2.77,2.32,2.76,0.84,1,0.53,0.79,3,16,4,1.84,12,TRUE
1.45,-1.02,-1.92,-1.66,-1.72,0.55,10,8.2,5.85,195,345,25,7.55,60,TRUE
2.96,3.65,2.6,2.39,5.96,1.11,1,0.98,0.65,47,65,4,1.07,10,TRUE
-1.48,0.22,3.75,-0.32,-1.43,0.4,10,5.75,5.35,40,350,25,12.95,50,FALSE
1.32,1.19,1.9,0.77,1.54,4.64,10,5.25,5.5,220,305,5,10.1,-65,FALSE
6.81,3.42,3.5,3.84,2.53,1.88,1,0.69,0.05,39,39,4,1.39,4,FALSE
2.81,2.62,2.67,2.47,4.24,0.37,1,0.59,0.43,43,5,4,0.08,8,FALSE
2.34,2.64,2.28,2.31,2.58,0.59,1,0.67,0.69,10,1,2,1.55,6,TRUE
-1.4,1.82,-1.34,-0.94,-0.85,-1.19,10,6.15,7.25,195,140,15,12.8,55,FALSE
2.58,5.69,3.77,2.44,3.15,2.2,1,0.9,0.91,30,33,0,0.99,-2,TRUE
-1.35,-1.78,-1.77,-1.51,-1.75,3.93,10,6.4,7.05,170,200,15,5.55,50,FALSE
2.5,3.79,2.58,3.22,5.2,0.38,1,0.32,0.92,10,27,4,0.72,10,FALSE
3.28,2.65,3.66,3.79,4.5,1.6,1,0.89,0.46,39,6,2,0.79,-13,FALSE
-1.44,-1.6,0.46,0.39,-1.55,-1.18,10,6.15,7.5,165,290,25,12.25,100,FALSE
2.46,3.08,3.48,5.29,3.84,0.85,1,0.86,0.15,13,56,2,1.56,7,FALSE
4.71,3.35,2.88,3.09,4.38,2.89,1,0.98,0.33,38,45,4,1.4,4,FALSE
-1.45,-2.2,-2,-1.87,-0.79,-0.46,10,5.75,8.3,75,100,5,13.45,-75,TRUE
2.37,2.63,2.37,6.69,2.57,0.72,0,0.81,0.22,14,2,0,0.06,-10,TRUE
2.51,3.14,4.14,2.94,4.94,3.4,1,0.49,0.42,22,15,4,1.96,14,TRUE
2.72,3.49,2.46,2.52,4.17,0.33,1,0.55,0.81,21,24,4,1.99,2,TRUE
4.13,2.19,2.33,3.21,2.35,1.19,1,0.85,0.49,14,7,2,0.35,-9,TRUE
2.34,2.42,4.74,2.66,3.05,1.23,1,0.76,0.71,8,5,2,1.12,10,TRUE
3.62,5.03,2.34,3.29,3.6,0.16,1,0.98,0.51,40,8,2,1.36,13,TRUE
-0.71,-0.49,-0.48,0.1,-0.59,-0.61,10,5.3,5.5,115,25,25,9.3,15,FALSE
2.87,3.43,2.39,7.57,5.93,2.51,1,0.64,0.88,31,27,4,0.2,11,FALSE
1.2,0.45,1.08,0,2.89,1.51,10,5.25,5.3,160,220,5,6.9,-65,FALSE
4.18,3.56,3.11,2.96,2.84,0.59,1,0.51,0.18,40,2,4,0.49,15,FALSE
3.89,2.86,2.71,5.74,2.68,2,1,0.64,0,24,2,0,1.18,-14,FALSE
-1.36,-0.8,-0.26,0.87,-0.87,0.9,10,6.7,6.1,195,120,15,10.8,-15,FALSE
4.78,2.32,3.64,6.17,2.86,1.06,1,0.94,0.93,42,55,2,0.76,9,TRUE
3.12,4,3.94,2.5,3.44,0.56,1,0.13,0.43,4,31,2,1.57,14,FALSE
2.74,5,3.1,3.33,2.85,0.01,1,0.23,0.43,41,1,4,1.89,4,TRUE
4.28,2.97,2.32,2.49,5.94,2.68,1,0.69,0.28,0,13,2,1.41,1,TRUE
2.34,3.16,3.46,4.36,2.41,1.72,1,0.65,0.05,2,10,2,1.04,-11,FALSE
-0.65,-2.71,-1.23,-2.66,-2.81,0.57,10,9.6,5.15,140,80,5,8.4,-85,TRUE
0.03,-1.75,-1.73,3.46,1.52,0.64,10,5,7.05,25,175,5,11.95,-95,FALSE
-2.89,-2.86,-2.06,-1.84,-2.19,1.36,10,9.95,8.4,200,295,5,5.65,-65,FALSE
3.65,3.64,5.25,5.03,4.55,1.62,1,0.64,0.34,45,59,2,1.91,8,FALSE
2.25,2.41,4.59,2.79,2.45,0.56,1,0.69,0.86,20,1,0,1.6,-5,TRUE
2.38,2.55,2.88,3.15,2.96,0.21,1,0.35,0.95,34,8,2,1.7,16,TRUE
2.26,2.18,6.08,2.4,2.85,0.86,1,0.71,0.84,16,5,2,0.28,-15,TRUE
3.25,2.23,3.32,2.46,3.97,0.86,1,0.87,0.15,8,33,2,0.59,16,FALSE
-1.48,-1.66,-0.93,-1.73,-1.74,3.09,10,7.1,6.3,170,130,15,5.3,-75,FALSE
3.35,4.04,3.76,3.82,3.18,2.52,1,0.16,0.76,28,13,2,1.44,-16,FALSE
3.4,4.65,3.61,3.79,4.5,0.17,1,0.13,0.73,27,1,2,1.43,5,FALSE
2.39,3.19,3.04,4.03,2.45,1.37,1,0.48,0.95,37,30,2,1.69,18,TRUE
0.53,-1.94,-2.52,-0.93,-1.49,0.9,10,8,6.15,65,325,15,8.65,-25,FALSE
0.2,-1.16,1.19,-2.33,-1.67,0.68,10,9.7,5.95,220,160,5,11.35,-85,TRUE
-2.43,-2.36,-0.2,-2.77,-1.85,1.12,10,8.55,7,165,255,15,6.65,-15,TRUE
-1.93,-0.35,-0.83,-2.1,-0.19,-1.01,10,5.7,6.8,0,185,15,10.35,40,TRUE
-1.62,-1.98,-1.92,-1.87,-0.08,-0.4,10,5.4,7.95,65,85,15,5.85,-10,FALSE
-1.65,-0.41,-2.28,-1.79,-1.93,1.01,10,6,9.05,135,325,5,12.4,-45,FALSE
5.87,3.46,2.9,5.66,3.05,3.15,1,0.82,0,14,4,0,1.29,-13,FALSE
-0.25,-0.83,-0.3,-0.58,-0.37,0.65,10,5.95,5.9,195,125,5,5.2,-45,FALSE
-1.61,-0.9,-0.23,-1.26,-1.98,-0.22,10,6.8,7.95,65,280,25,10.45,15,TRUE
-1.45,-2.78,-2.84,-0.88,-2.84,2.09,10,7.8,9,170,105,15,7.35,-50,TRUE
-2.07,-2.47,-2.04,-2.4,-2.06,0.17,10,8,6.65,140,110,15,6.3,-10,TRUE
4.8,2.55,6.71,2.78,3.07,1.09,1,0.57,0.5,20,25,2,0.85,3,FALSE
1.6,-0.86,-1.85,0.52,-1.41,0.7,10,5.8,5.75,0,280,15,9,25,FALSE
-2.18,-2.19,-2.26,-2.35,-1.84,1.83,10,5.55,9.5,15,265,15,5.15,-5,FALSE
-1.11,-1.44,-2.25,-1.96,-1.72,0.65,10,8.6,6.45,80,310,15,11.6,-30,TRUE
2.28,3.27,4.49,4.76,2.6,0.99,1,0.79,0.93,42,28,3,1.51,0,TRUE
4.17,4.62,2.8,2.4,3.54,0.84,1,0.53,0.59,22,10,4,1.11,6,TRUE
-1.37,-1.31,-1.46,-1.37,-1.13,-0.33,10,5.4,8.7,210,65,5,9.55,-45,FALSE
3.85,2.42,4.75,6.29,4.01,3.21,1,0.86,0.48,20,2,2,0.86,-5,TRUE
-0.22,2.2,-2.1,-1.34,-0.53,0.44,10,6.05,7.05,65,260,5,14.3,-10,FALSE
-2.04,-1.5,-2.48,-1.23,-1.53,0.1,10,7.85,7.4,200,130,15,7.25,-5,TRUE
2.57,3.32,2.76,3.6,6.21,0.42,1,0.24,0.63,14,21,4,0.85,19,FALSE
4.14,2.92,2.82,2.53,2.71,1.54,1,0.4,0.59,12,25,0,1.99,-17,FALSE
3.29,8.57,4.36,2.5,3.5,0.7,1,0.44,0.67,15,28,4,0.92,13,FALSE
3.02,2.25,3.04,2.44,2.81,0.99,1,0.73,0.61,6,26,2,0.2,-1,TRUE
2.73,2.59,2.08,2.08,3.84,1.34,1,0.99,0.44,8,28,2,0.73,-6,TRUE
-1.3,-2.74,-2.38,2.93,-1.33,0.95,10,7.8,7.65,40,240,5,14.3,-60,TRUE
3.71,0.56,-0.95,1.64,-0.85,-0.14,10,5.15,6.15,90,270,25,5.05,20,FALSE
5.07,3.15,2.83,3.64,4.88,0.52,1,0.56,0.34,9,20,2,1.04,15,FALSE
-2.06,-2.39,-2.33,-1.77,-1.32,0.22,10,5.85,10.05,45,65,15,6,-55,TRUE
-2.13,-2.59,-1.29,-2.4,-2.26,-0.48,10,9.1,5.75,170,260,25,9.5,15,TRUE
2.74,2.6,3.94,3.12,5.03,1.64,1,0.5,0.21,17,8,2,1.54,-17,FALSE
4.76,2.8,3.12,2.5,3.83,0.5,1,0.89,0.62,35,11,4,0.95,8,TRUE
3.38,3.19,4.53,3.78,4.49,1.09,1,0.21,0.05,22,17,4,1.45,11,FALSE
2.76,3.08,2.62,3.43,2.96,0.82,1,0.25,0.36,10,2,2,1.77,4,FALSE
2.81,5.28,2.57,2.59,5.08,2.09,1,0.71,0.49,23,35,2,0.71,1,FALSE
0.56,2.9,-0.26,0.08,-0.69,0.67,10,5.6,7,210,105,5,6.95,-20,FALSE
-1.83,-0.98,-1,-1.41,-0.64,-1.11,10,6.6,8.35,135,280,25,10.4,85,TRUE
2.72,2.96,5.07,2.49,2.39,1.42,1,0.76,0.46,30,13,2,0.59,5,FALSE
2.71,2.79,2.61,2.46,4.17,2.45,1,0.66,0.71,17,29,4,0.05,11,FALSE
0.95,0.26,-0.53,0.5,-0.7,1.59,10,6.25,5.25,200,255,5,6.55,-35,FALSE
2.63,4.74,2.63,4.67,2.25,1.57,1,0.65,0.98,42,12,0,1.55,-9,FALSE
-0.71,-2.57,-2.09,-0.61,-2.68,2.36,10,5.6,9.85,40,380,10,7.15,5,FALSE
4.16,2.42,2.41,3.79,3.25,2.52,1,0.52,0.24,13,16,4,0.27,7,FALSE
2.77,3.78,2.3,3.48,4.03,1.06,1,0.8,0.09,6,7,2,0.78,5,FALSE
3.69,3.2,2.56,2.94,2.51,2.78,1,0.68,0.46,41,36,4,1.48,6,FALSE
2.64,2.41,3.05,2.38,4.3,0.79,1,0.56,0.18,10,15,2,0.93,6,FALSE
-2.07,-2.15,-0.69,1.2,-1.42,0.84,10,7.05,8,210,80,5,5.9,-40,FALSE
-1.79,-1.63,-1.57,-0.08,0.11,0.05,10,5.95,8.4,200,280,15,9.45,-15,FALSE
-2.39,-2.23,-2.32,-1.8,-2.31,0.57,10,6.4,9.45,135,100,15,5.75,0,TRUE
3.19,2.93,3.48,2.8,2.42,0.51,1,0.92,0.7,8,12,4,0.52,14,TRUE
3.34,4.49,2.83,3.37,3.75,0.49,1,0.38,0.62,10,2,2,1.26,-19,FALSE
0.31,-2.76,-2.82,-2.03,-0.75,1.49,10,7.6,8.8,140,275,5,11.4,-10,TRUE
-1.44,-1.01,-1.86,-2.3,0.96,0.65,10,8.5,5.65,195,390,10,12.95,5,FALSE
2.92,-1.31,0.55,-0.15,-1.05,1.08,10,6.25,7.2,185,240,5,13.7,-10,FALSE
5.82,2.88,4.11,2.27,3.56,0.82,1,0.67,0.86,38,15,0,1.38,-17,TRUE
-0.1,-1.07,-1.61,-1.23,-1.49,0.17,10,6.25,8.2,220,85,25,5.4,55,FALSE
3.68,3.03,2.81,4.16,2.94,1.09,1,0.43,0.76,14,3,2,1.77,-16,FALSE
-1,1.16,0.32,0.09,-0.74,-0.12,10,5.15,6.9,145,60,25,9.65,65,FALSE
2.46,3.04,5.59,4.68,3.45,0.96,1,0.53,0.39,34,11,0,1.35,-6,FALSE
1.18,-1.48,0.17,-1.14,-1.12,1.56,10,6.1,5.3,30,240,15,7.9,15,FALSE
1.65,-0.37,0.59,0.21,-0.67,-1.05,10,6.75,5.6,235,330,25,12.4,80,FALSE
-2.86,-2.27,-1.77,-1.81,-1.26,4.18,10,7.45,9.3,50,185,5,5.25,-45,TRUE
-2.53,-2.4,-2.65,-1.96,-0.31,-0.37,10,8,6.95,120,330,15,13.45,0,TRUE
-0.78,-0.68,-1.94,0.83,-1.12,3.63,10,7.5,6.95,225,360,15,7.7,35,FALSE
3.98,3.66,2.78,3.54,3.87,2,1,0.03,0.4,39,1,2,1.36,10,FALSE
2.51,2.61,3.97,4.06,3.02,0.57,1,1.01,0.03,17,70,4,1.83,9,FALSE
-1.37,-2.67,-2.18,-0.74,-1.51,1.11,10,7.7,9,230,305,5,7.15,-40,FALSE
6.39,3.25,2.49,2.28,2.17,1.9,1,1.04,0.38,25,54,2,1.11,13,TRUE
-1.41,-0.6,3.14,0.81,-0.39,1.21,10,6.05,8.65,220,365,15,5.7,60,FALSE
6.12,2.5,4.69,2.45,3.44,0.85,1,0.58,0.32,41,7,2,1.55,-2,FALSE
3.99,3.2,3.38,8.54,2.62,2.67,1,0.48,0.63,38,3,0,1.33,-10,FALSE
-0.72,-0.83,0.04,-0.93,-0.42,-1.15,10,6.15,7.2,220,180,15,13.5,80,FALSE
3.21,2.53,5.05,3.6,3.4,1.08,0,0.44,0.69,14,26,4,1.12,11,TRUE
4.6,-0.39,-1.01,0.02,-1.19,1.39,10,6.65,6.7,195,90,25,7.4,80,FALSE
0.01,0.31,0.93,-1.11,-0.36,0.88,10,5.3,6.25,100,160,15,12.8,20,FALSE
2.82,2.84,4.55,3.86,3.38,0.78,1,0.32,0.74,29,17,2,1.55,15,FALSE
2.45,3.34,4.57,3.78,3.63,-0.08,1,0.42,0.91,41,7,4,1.63,18,TRUE
4.54,3.55,2.71,2.57,2.88,0.85,1,0.75,0.97,32,17,2,0.3,1,TRUE
2.53,2.5,2.82,2.67,2.34,1.61,1,0.82,0.31,34,18,2,1.41,-7,FALSE
-1.07,-2.23,-2.12,-1.33,-0.08,2.09,10,7.85,7.75,200,170,15,8.2,75,TRUE
2.43,4.81,3.44,2.77,4.49,1.17,1,0.49,0.83,30,10,1,1.14,0,FALSE
-0.49,-1.38,-2.16,-2.15,0.09,-0.38,10,7.05,8.5,225,45,15,5.95,-70,TRUE
0.96,-0.05,-0.43,-0.49,1.46,0.83,10,5.55,6.5,190,105,5,5.4,-45,FALSE
-2.79,-2.78,-2.08,-1.49,-1.73,2.26,10,10,5.75,135,175,5,6,0,TRUE
0.47,-0.43,-1.73,-1.73,-0.43,0.21,10,6.65,7,180,235,5,14.9,-20,FALSE
2.39,2.41,2.61,2.81,3.92,1.81,1,0.73,0.69,37,70,4,0.99,4,TRUE
2.51,4.5,3.56,4.27,2.7,0.88,1,0.88,0.47,40,0,1,0.41,-1,FALSE
2.24,2.21,3.36,6.22,2.57,0.75,1,0.93,0.29,8,66,4,1.05,10,TRUE
-2.16,-1.44,-2.18,-2.01,-2.03,1.95,10,7.6,6.25,140,165,5,8.85,-55,FALSE
9.44,2.85,3.9,6.8,3.27,0.87,1,0.64,0.66,15,34,2,0.99,-14,TRUE
2.92,3,2.94,2.75,2.73,2.1,1,0.3,0.62,34,5,4,0.58,10,FALSE
3.36,4.78,5.89,2.52,3.32,0.99,1,0.93,0.71,17,8,2,0.67,9,TRUE
3.37,4.6,3.95,2.22,2.56,0.95,1,0.76,0.93,23,41,4,1.31,7,TRUE
2.56,4.34,2.37,2.87,5.93,1.27,1,0.95,0.51,23,44,4,0.84,3,TRUE
-1.36,-1.77,0.67,-0.7,-1.51,-0.49,10,8.25,6.2,200,205,15,6.75,105,TRUE
5.25,4.14,2.98,2.64,3.82,0.77,1,0.64,0.48,29,61,4,1.68,8,FALSE
2.96,2.36,2.4,2.63,4.99,1.96,0,0.74,0.16,12,52,2,1.52,14,TRUE
-2.05,-1.36,-1.38,-1.27,-0.07,0.46,10,5.95,8,65,85,5,12.9,-75,TRUE
2.62,5.66,2.81,2.35,3.35,0.9,1,0.87,0.44,31,66,2,1.55,-19,TRUE
-0.69,0.43,0.3,1.34,1.6,2.18,10,5.55,7.35,175,255,5,5.05,-15,FALSE
2.41,4.04,2.68,3.41,3.04,0.32,1,0.33,0.99,5,24,2,1.82,2,TRUE
-2.54,-2.34,-2.03,-1.47,-2.2,-0.61,10,6.5,10,190,15,15,6.15,-55,TRUE
-0.95,0.45,-1.93,-2.11,-1.88,1.59,10,7.65,5.3,135,295,5,10,-75,FALSE
6.63,3.89,2.22,3.12,2.29,1.12,1,0.87,0.95,31,13,2,1.26,13,TRUE
-1.54,-1.17,0.36,-1.78,-0.48,-0.5,10,6.5,7.45,85,205,25,6.9,10,TRUE
-2.9,-1.36,-0.45,-2.32,-2.67,1.12,10,6.2,9.95,45,280,5,14.05,-70,TRUE
3.97,3.28,4.11,6.98,3.59,1.25,1,0.24,0.79,30,34,2,1.45,8,FALSE
0.32,-0.21,-0.06,0.11,-0.43,1.29,10,6.4,5.75,195,220,15,5.8,-30,FALSE
-2.81,-1.87,-2.39,-1.42,-2.51,3.48,10,8.55,7,120,325,15,5.45,0,FALSE
2.41,5.27,4.87,3.7,4.92,0.43,1,0.48,0.78,45,16,2,2.07,11,TRUE
-1.75,-1.83,-0.66,-1.9,-0.28,-0.96,10,8,5.5,140,215,15,11.75,25,TRUE
3.58,3.07,3.31,2.92,2.44,2.55,1,0.76,0.02,6,35,4,0.55,5,FALSE
-0.7,-1.67,0.16,-0.46,-0.48,-0.72,10,6.75,7.35,160,75,15,9,35,FALSE
-0.43,0.96,1.11,0.09,-0.36,0.72,10,5.5,6.2,205,180,5,7.25,-40,FALSE
1.74,0.64,0.27,0.38,1.6,-0.21,10,4.65,8.1,220,205,25,13.75,15,FALSE
2.32,2.28,2.49,3.01,2.51,1.43,1,0.84,0.41,31,5,2,1.75,1,TRUE
2.39,3.45,2.51,10.32,3.04,0.28,1,0.22,0.51,-2,4,4,1.45,9,TRUE
2.39,2.78,2.42,4.95,2.51,0.44,1,0.66,0.96,40,19,2,0.63,11,FALSE
2.97,2.87,2.66,3.34,3.8,0.64,1,0.41,0.6,41,3,4,0.47,16,FALSE
-0.84,-1.23,-1.17,-1.5,0.14,0.36,10,6,5.4,65,55,5,11.5,-70,FALSE
-2.21,-1.99,-1.63,-2.44,-2.22,-0.5,10,5.75,9.35,90,315,15,13.4,35,TRUE
3.19,3.29,2.15,2.27,2.19,2.58,1,0.79,0.94,3,74,0,1.25,-1,TRUE
-0.92,-1.61,-1.58,-1.34,0.23,-0.13,10,5.5,7.45,85,145,25,5.7,30,FALSE
2.25,3.67,2.21,4.9,3.77,2.19,1,0.57,0.79,13,30,4,1.57,15,TRUE
-2.69,-2.24,-1.26,-1.95,-0.95,0.11,10,6.35,8.85,65,350,25,7.45,45,TRUE
-2.86,-2.85,-0.43,-2.92,-2.83,1.53,10,8.6,7.65,145,365,15,5.9,-85,FALSE
-2.43,-1.72,1.68,2.02,-1.9,0.28,10,6.05,9.75,140,15,5,8.2,-70,TRUE
3,3.2,7.62,2.69,2.8,2.56,1,0.55,0.38,35,10,2,1.43,-2,FALSE
2.74,3.45,3.05,3.09,3.83,2,1,0.8,0.43,29,46,4,1.64,1,FALSE
-1.91,-1.18,-1.6,-2.52,3.23,1.38,10,8.1,7.65,120,125,15,6.85,-70,TRUE
4.18,4.47,4.76,4.3,2.29,2.07,1,0.62,0.59,6,15,4,0.36,15,TRUE
3,4.53,3.85,3.25,5.13,-0.01,1,0.23,0.31,41,1,2,1.72,20,TRUE
-2.14,-0.19,-1.65,-1.65,-0.24,1.93,10,6.35,6.85,70,165,5,11.3,-5,TRUE
3.51,4.22,3.21,5.36,2.41,1.58,1,0.2,0.97,23,1,0,1.82,-15,FALSE
-0.57,-1.8,-2.33,-2.55,-2.18,0.68,10,7.1,6.6,45,285,15,6.25,65,TRUE
-2.06,3.78,-2.47,-2.4,-1,1.09,10,6.9,9.3,200,165,15,7.85,-55,TRUE
-0.56,-0.74,-0.81,2.99,-1.46,2.63,10,6.9,5.5,60,260,15,9.85,0,FALSE
6.06,3.96,3.82,2.51,2.6,0.79,1,0.34,0.97,17,46,4,1.9,7,FALSE
4,2.46,3.13,2.73,3.43,0.5,1,0.64,0.07,22,41,2,1.35,10,FALSE
-0.58,-1.3,-0.6,-1.43,-1.07,1.34,10,6.1,7.15,140,360,15,8.95,-75,FALSE
-1.65,0.23,-1.02,-0.3,-0.88,-0.82,10,5.35,8.55,150,125,25,8.45,95,FALSE
-2.49,-2.87,-3.19,-2.78,-2.91,1.23,10,9.15,9.55,180,390,15,5.05,-70,FALSE
5.83,3.5,2.14,2.83,3.14,1.35,1,0.66,0.79,0,14,2,1.03,14,TRUE
2.3,2.31,3.13,2.46,4.36,0.73,1,0.96,0.28,36,5,4,0.84,20,TRUE
-2.04,-1.55,-2.13,-1.44,-0.12,0.64,10,6,9.35,15,100,15,6.95,-90,TRUE
-0.19,-1.93,-0.78,1.49,-1.45,-0.35,10,5.5,10.15,195,50,5,9.1,-50,FALSE
-0.85,-1.78,-1.43,-1.79,-1.85,0.22,10,8.4,5.7,195,110,15,8.65,-30,TRUE
5.37,4.51,3.85,4.23,3.26,1.27,1,0.74,0.65,43,54,2,1.07,6,FALSE
2.82,3.8,4.01,2.86,2.74,1.98,1,0.45,0.94,26,5,2,0.96,16,TRUE
-1.32,-0.91,-1.06,-1.35,-1.26,-0.67,10,6.05,6.3,55,170,5,13.7,-35,FALSE
2.97,4.11,3.78,2.9,2.45,0.26,1,0.61,0.3,18,8,4,1.14,19,TRUE
2.69,3.92,4.48,4.18,2.98,2.8,1,0.27,0.22,16,18,4,1.59,7,FALSE
3.88,3.49,2.75,4.12,3.3,2.09,1,0.17,0.45,6,2,2,1.05,7,FALSE
-0.93,-2.44,-2.36,1.98,0.54,3.58,10,7.5,6.4,55,85,15,5.65,20,TRUE
-2.6,-0.34,-0.89,-2.2,-1.21,0.84,10,7.65,6.45,90,180,5,11.45,-85,TRUE
-1.83,-1.58,-1.79,-1.99,2.11,-0.46,10,5.95,6.75,60,30,5,9.95,-75,FALSE
-0.83,-1.1,-1.71,-1.84,-1.44,0.42,10,6.4,8.75,215,330,15,11.6,-30,FALSE
5.07,2.36,2.99,2.18,4,0.41,0,0.95,0.19,9,21,2,1.8,10,TRUE
-1.49,1.3,-1.95,-2.19,0.07,1.11,10,6.35,8.05,135,220,5,7,0,FALSE
-0.79,-2.86,-1.65,-2.25,-2.82,2.13,10,6.7,8.95,50,265,5,8.55,-60,FALSE
3.44,2.6,4.3,4.77,6.11,0.56,1,0,0.56,21,25,4,1.86,8,FALSE
-2.58,-2.45,-2.47,-2.88,-2.35,2.51,10,8.35,9.4,220,115,5,5.2,-65,TRUE
4.08,2.9,5.91,2.53,2.58,1.64,1,0.74,0.67,32,41,2,1.62,-19,TRUE
-1.47,-1.43,-2.62,-2.73,0.87,2.61,10,9.5,7.8,150,330,5,5.6,-25,FALSE
2.28,3.93,4.6,4.37,3.19,0.34,1,0.94,0.54,38,25,2,1.65,18,TRUE
4.52,3.32,3.13,3.83,2.68,1.49,1,0.35,0.8,26,5,4,0.25,3,FALSE
5.24,5.61,9.62,3.74,3.2,1.34,1,0.62,0.06,12,64,4,1.24,17,FALSE
0.86,-0.88,-0.53,-1.32,1.64,2.7,10,5.7,7.6,205,35,15,10.55,-20,FALSE
3.92,4.91,3.56,3.77,2.55,0.31,1,0.08,0.76,9,0,3,0.34,19,FALSE
0.99,2.23,0.39,1.51,0,1.32,10,5.25,5.05,155,340,15,14.05,-75,FALSE
-1.04,-0.69,-1.58,-1.38,-0.81,-0.72,10,7.7,5.15,225,85,15,10.65,-80,FALSE
2.69,3.3,2.63,4.23,3.75,2.74,1,0.71,0.24,7,50,2,1.02,16,FALSE
5.2,6.7,5.18,5.26,2.89,1.83,1,0.68,0.01,47,23,2,1.34,-11,FALSE
2.35,2.13,4.45,2.51,3.14,2.36,1,0.64,0.97,12,63,2,1.9,-17,TRUE
